"","SAMPLE_NUMBER","LOGIN_DATE","ANALYSIS","ASSIGNED_OPERATOR","SAMPLING_POINT","REPORTED_NAME","UNITS","ENTRY","REPORTABLE","NAME","RAW_ENTRY","z_score"
"1",13930092,2020-04-01 05:32:46,"MICP010406","SLOUYEH","IRM001B_CL","Iron","MG_P_KG",87.029487047,"T","MICP01-20-0238",87.029487047,-0.25548002367889
"2",13930092,2020-04-01 05:32:46,"MICP010406","SLOUYEH","IRM001B_CL","Zinc","MG_P_KG",37.406140502,"T","MICP01-20-0238",37.406140502,-0.368726188449853
"3",13930092,2020-04-01 05:32:46,"MICP010406","SLOUYEH","IRM001B_CL","Calcium","PCT_M-M",0.7010766513,"T","MICP01-20-0238",0.7010766513,0.189853667779418
"4",13930092,2020-04-01 05:32:46,"MICP010406","SLOUYEH","IRM001B_CL","Magnesium","PCT_M-M",0.06766747737,"T","MICP01-20-0238",0.06766747737,0.0574713660711458
"5",13930092,2020-04-01 05:32:46,"MICP010406","SLOUYEH","IRM001B_CL","Sodium","PCT_M-M",0.1808267163,"T","MICP01-20-0238",0.1808267163,0.327198403376866
"6",13930092,2020-04-01 05:32:46,"MICP010406","SLOUYEH","IRM001B_CL","Potassium","PCT_M-M",0.6786762684,"T","MICP01-20-0238",0.6786762684,-0.377667376510351
"7",13930092,2020-04-01 05:32:46,"MICP010406","SLOUYEH","IRM001B_CL","Phosphorus","PCT_M-M",0.4309600162,"T","MICP01-20-0238",0.4309600162,-1.39132929893417
"8",13930123,2020-04-01 05:45:55,"MICP010406","YYU","IRM001B_CL","Iron","MG_P_KG",NA,"T","MICP01-20-0240",93.80395201,3.15485200569567
"9",13930123,2020-04-01 05:45:55,"MICP010406","YYU","IRM001B_CL","Zinc","MG_P_KG",37.134172093,"T","MICP01-20-0240",37.134172093,-0.728317473736268
"10",13930123,2020-04-01 05:45:55,"MICP010406","YYU","IRM001B_CL","Copper","MG_P_KG",0.3001977225,"T","MICP01-20-0240",0.3001977225,1.1711476980849
"11",13930123,2020-04-01 05:45:55,"MICP010406","YYU","IRM001B_CL","Manganese","MG_P_KG",0.5303335778,"T","MICP01-20-0240",0.5303335778,1.20800325177426
"12",13930123,2020-04-01 05:45:55,"MICP010406","YYU","IRM001B_CL","Calcium","PCT_M-M",0.6957203731,"T","MICP01-20-0240",0.6957203731,-0.161592528366136
"13",13930123,2020-04-01 05:45:55,"MICP010406","YYU","IRM001B_CL","Magnesium","PCT_M-M",0.06870477666,"T","MICP01-20-0240",0.06870477666,0.814103448089976
"14",13930123,2020-04-01 05:45:55,"MICP010406","YYU","IRM001B_CL","Sodium","PCT_M-M",0.1828086856,"T","MICP01-20-0240",0.1828086856,0.711273234391184
"15",13930123,2020-04-01 05:45:55,"MICP010406","YYU","IRM001B_CL","Potassium","PCT_M-M",0.6921245695,"T","MICP01-20-0240",0.6921245695,0.469857773672375
"16",13930123,2020-04-01 05:45:55,"MICP010406","YYU","IRM001B_CL","Phosphorus","PCT_M-M",0.4714414874,"T","MICP01-20-0240",0.4714414874,0.235964981787252
"17",13930169,2020-04-01 06:12:27,"MICP010406","CYCHUNG","IRM001B_CL","Iron","MG_P_KG",87.319105173,"T","MICP01-20-0241",87.319105173,-0.109683421765723
"18",13930169,2020-04-01 06:12:27,"MICP010406","CYCHUNG","IRM001B_CL","Zinc","MG_P_KG",37.408579463,"T","MICP01-20-0241",37.408579463,-0.365501442149431
"19",13930169,2020-04-01 06:12:27,"MICP010406","CYCHUNG","IRM001B_CL","Copper","MG_P_KG",0.2006496226,"T","MICP01-20-0241",0.2006496226,-0.655691757593834
"20",13930169,2020-04-01 06:12:27,"MICP010406","CYCHUNG","IRM001B_CL","Manganese","MG_P_KG",0.4899100121,"T","MICP01-20-0241",0.4899100121,-0.761616676880062
"21",13930169,2020-04-01 06:12:27,"MICP010406","CYCHUNG","IRM001B_CL","Calcium","PCT_M-M",0.6968927407,"T","MICP01-20-0241",0.6968927407,-0.0846689411065573
"22",13930169,2020-04-01 06:12:27,"MICP010406","CYCHUNG","IRM001B_CL","Magnesium","PCT_M-M",0.0669971619,"T","MICP01-20-0241",0.0669971619,-0.431473526270907
"23",13930169,2020-04-01 06:12:27,"MICP010406","CYCHUNG","IRM001B_CL","Sodium","PCT_M-M",0.1793590387,"T","MICP01-20-0241",0.1793590387,0.0427853066636626
"24",13930169,2020-04-01 06:12:27,"MICP010406","CYCHUNG","IRM001B_CL","Potassium","PCT_M-M",0.6784863481,"T","MICP01-20-0241",0.6784863481,-0.389636340439946
"25",13930169,2020-04-01 06:12:27,"MICP010406","CYCHUNG","IRM001B_CL","Phosphorus","PCT_M-M",0.4651252333,"T","MICP01-20-0241",0.4651252333,-0.0179389369150232
"26",13933031,2020-04-01 14:43:29,"MICP010406",NA,"IRM001B_CL","Iron","MG_P_KG",89.711146188,"T","MICP01-20-0242",89.711146188,1.09449345915206
"27",13933031,2020-04-01 14:43:29,"MICP010406",NA,"IRM001B_CL","Manganese","MG_P_KG",0.5415700311,"T","MICP01-20-0242",0.5415700311,1.75549434920294
"28",13933031,2020-04-01 14:43:29,"MICP010406",NA,"IRM001B_CL","Calcium","PCT_M-M",0.7102313322,"T","MICP01-20-0242",0.7102313322,0.790527803643272
"29",13935571,2020-04-02 05:51:18,"MICP010406","YYU","IRM001B_CL","Iron","MG_P_KG",89.657342065,"T","MICP01-20-0243",89.657342065,1.06740793653419
"30",13935571,2020-04-02 05:51:18,"MICP010406","YYU","IRM001B_CL","Zinc","MG_P_KG",38.505586715,"T","MICP01-20-0243",38.505586715,1.08493998656515
"31",13935571,2020-04-02 05:51:18,"MICP010406","YYU","IRM001B_CL","Copper","MG_P_KG",0.2820980852,"T","MICP01-20-0243",0.2820980852,0.838995385922943
"32",13935571,2020-04-02 05:51:18,"MICP010406","YYU","IRM001B_CL","Manganese","MG_P_KG",0.4920424227,"T","MICP01-20-0243",0.4920424227,-0.657715936282266
"33",13935571,2020-04-02 05:51:18,"MICP010406","YYU","IRM001B_CL","Calcium","PCT_M-M",0.7087952045,"T","MICP01-20-0243",0.7087952045,0.696297892780115
"34",13935571,2020-04-02 05:51:18,"MICP010406","YYU","IRM001B_CL","Magnesium","PCT_M-M",0.06767807918,"T","MICP01-20-0243",0.06767807918,0.0652045918149575
"35",13935571,2020-04-02 05:51:18,"MICP010406","YYU","IRM001B_CL","Sodium","PCT_M-M",0.1810560905,"T","MICP01-20-0243",0.1810560905,0.371647556602418
"36",13935571,2020-04-02 05:51:18,"MICP010406","YYU","IRM001B_CL","Potassium","PCT_M-M",0.6853629258,"T","MICP01-20-0243",0.6853629258,0.0437323434256838
"37",13935571,2020-04-02 05:51:18,"MICP010406","YYU","IRM001B_CL","Phosphorus","PCT_M-M",0.4394816619,"T","MICP01-20-0243",0.4394816619,-1.04877195358887
"38",13935875,2020-04-02 07:28:45,"MICP010406","SLOUYEH","IRM001B_CL","Iron","MG_P_KG",89.211481379,"T","MICP01-20-0244",89.211481379,0.84295729926477
"39",13935875,2020-04-02 07:28:45,"MICP010406","SLOUYEH","IRM001B_CL","Zinc","MG_P_KG",37.653954646,"T","MICP01-20-0244",37.653954646,-0.0410711976339427
"40",13935875,2020-04-02 07:28:45,"MICP010406","SLOUYEH","IRM001B_CL","Calcium","PCT_M-M",0.6999724741,"T","MICP01-20-0244",0.6999724741,0.117404317256391
"41",13935875,2020-04-02 07:28:45,"MICP010406","SLOUYEH","IRM001B_CL","Magnesium","PCT_M-M",0.06712174028,"T","MICP01-20-0244",0.06712174028,-0.340602935745461
"42",13935875,2020-04-02 07:28:45,"MICP010406","SLOUYEH","IRM001B_CL","Sodium","PCT_M-M",0.182110154,"T","MICP01-20-0244",0.182110154,0.575908672372912
"43",13935875,2020-04-02 07:28:45,"MICP010406","SLOUYEH","IRM001B_CL","Phosphorus","PCT_M-M",0.5249151896,"T","MICP01-20-0244",0.5249151896,2.38552741565108
"44",13936010,2020-04-02 08:00:01,"MICP010406","YYU","IRM001B_CL","Iron","MG_P_KG",86.307862349,"T","MICP01-20-0245",86.307862349,-0.618752966150102
"45",13936010,2020-04-02 08:00:01,"MICP010406","YYU","IRM001B_CL","Zinc","MG_P_KG",38.828219337,"T","MICP01-20-0245",38.828219337,1.51151849855808
"46",13936010,2020-04-02 08:00:01,"MICP010406","YYU","IRM001B_CL","Copper","MG_P_KG",NA,"T","MICP01-20-0245",0.4210811347,3.38951838688633
"47",13936010,2020-04-02 08:00:01,"MICP010406","YYU","IRM001B_CL","Manganese","MG_P_KG",0.5247542956,"T","MICP01-20-0245",0.5247542956,0.936155253746058
"48",13936010,2020-04-02 08:00:01,"MICP010406","YYU","IRM001B_CL","Calcium","PCT_M-M",0.7187338267,"T","MICP01-20-0245",0.7187338267,1.34840945918788
"49",13936010,2020-04-02 08:00:01,"MICP010406","YYU","IRM001B_CL","Magnesium","PCT_M-M",0.069300253,"T","MICP01-20-0245",0.069300253,1.2484588046112
"50",13936010,2020-04-02 08:00:01,"MICP010406","YYU","IRM001B_CL","Sodium","PCT_M-M",0.1862329488,"T","MICP01-20-0245",0.1862329488,1.37484219577144
"51",13936010,2020-04-02 08:00:01,"MICP010406","YYU","IRM001B_CL","Potassium","PCT_M-M",0.6936779372,"T","MICP01-20-0245",0.6936779372,0.567752532530169
"52",13936010,2020-04-02 08:00:01,"MICP010406","YYU","IRM001B_CL","Phosphorus","PCT_M-M",0.4977199432,"T","MICP01-20-0245",0.4977199432,1.29231939682962
"53",13936888,2020-04-02 10:02:48,"MICP010406","YYU","IRM001B_CL","Iron","MG_P_KG",89.747800507,"T","MICP01-20-0247",89.747800507,1.11294560242586
"54",13936888,2020-04-02 10:02:48,"MICP010406","YYU","IRM001B_CL","Zinc","MG_P_KG",38.131535962,"T","MICP01-20-0247",38.131535962,0.590377432303128
"55",13936888,2020-04-02 10:02:48,"MICP010406","YYU","IRM001B_CL","Calcium","PCT_M-M",0.7062865914,"T","MICP01-20-0247",0.7062865914,0.531698053362533
"56",13936888,2020-04-02 10:02:48,"MICP010406","YYU","IRM001B_CL","Magnesium","PCT_M-M",0.06719149199,"T","MICP01-20-0247",0.06719149199,-0.289724291490646
"57",13936888,2020-04-02 10:02:48,"MICP010406","YYU","IRM001B_CL","Sodium","PCT_M-M",0.1816999275,"T","MICP01-20-0247",0.1816999275,0.496413155633528
"58",13936888,2020-04-02 10:02:48,"MICP010406","YYU","IRM001B_CL","Potassium","PCT_M-M",0.6807815563,"T","MICP01-20-0247",0.6807815563,-0.24499006430878
"59",13936888,2020-04-02 10:02:48,"MICP010406","YYU","IRM001B_CL","Phosphorus","PCT_M-M",0.5065323859,"T","MICP01-20-0247",0.5065323859,1.64656634437869
"60",13941769,2020-04-03 05:41:54,"MICP010406","YYU","IRM001B_CL","Iron","MG_P_KG",90.151830502,"T","MICP01-20-0248",90.151830502,1.31633826004562
"61",13941769,2020-04-03 05:41:54,"MICP010406","YYU","IRM001B_CL","Zinc","MG_P_KG",38.071382998,"T","MICP01-20-0248",38.071382998,0.510844365510254
"62",13941769,2020-04-03 05:41:54,"MICP010406","YYU","IRM001B_CL","Copper","MG_P_KG",0.258268969,"T","MICP01-20-0248",0.258268969,0.401699548917085
"63",13941769,2020-04-03 05:41:54,"MICP010406","YYU","IRM001B_CL","Manganese","MG_P_KG",0.514317846,"T","MICP01-20-0248",0.514317846,0.427643974233761
"64",13941769,2020-04-03 05:41:54,"MICP010406","YYU","IRM001B_CL","Calcium","PCT_M-M",0.7051855244,"T","MICP01-20-0248",0.7051855244,0.45945277512971
"65",13941769,2020-04-03 05:41:54,"MICP010406","YYU","IRM001B_CL","Magnesium","PCT_M-M",0.06781467364,"T","MICP01-20-0248",0.06781467364,0.164840012043616
"66",13941769,2020-04-03 05:41:54,"MICP010406","YYU","IRM001B_CL","Sodium","PCT_M-M",0.1818855241,"T","MICP01-20-0248",0.1818855241,0.532378890714205
"67",13941769,2020-04-03 05:41:54,"MICP010406","YYU","IRM001B_CL","Potassium","PCT_M-M",0.6811780358,"T","MICP01-20-0248",0.6811780358,-0.220003536621512
"68",13941769,2020-04-03 05:41:54,"MICP010406","YYU","IRM001B_CL","Phosphorus","PCT_M-M",0.4987521976,"T","MICP01-20-0248",0.4987521976,1.33381447177565
"69",13941769,2020-04-03 05:41:54,"MICP010406","YYU","IRM001B_CL","Sulphur","PCT_M-M",0.2037021541,"T","MICP01-20-0248",0.2037021541,0.770745391589441
"70",13942109,2020-04-03 07:57:02,"MICP010406","CYCHUNG","IRM001B_CL","Iron","MG_P_KG",85.639664679,"T","MICP01-20-0249",85.639664679,-0.955130219320707
"71",13942109,2020-04-03 07:57:02,"MICP010406","CYCHUNG","IRM001B_CL","Zinc","MG_P_KG",37.563394194,"T","MICP01-20-0249",37.563394194,-0.160808447451072
"72",13942109,2020-04-03 07:57:02,"MICP010406","CYCHUNG","IRM001B_CL","Copper","MG_P_KG",0.2556518561,"T","MICP01-20-0249",0.2556518561,0.353672061597
"73",13942109,2020-04-03 07:57:02,"MICP010406","CYCHUNG","IRM001B_CL","Manganese","MG_P_KG",0.4758537349,"T","MICP01-20-0249",0.4758537349,-1.44650241658138
"74",13942109,2020-04-03 07:57:02,"MICP010406","CYCHUNG","IRM001B_CL","Calcium","PCT_M-M",0.6997864764,"T","MICP01-20-0249",0.6997864764,0.105200286450671
"75",13942109,2020-04-03 07:57:02,"MICP010406","CYCHUNG","IRM001B_CL","Magnesium","PCT_M-M",0.06850475041,"T","MICP01-20-0249",0.06850475041,0.668199291541368
"76",13942109,2020-04-03 07:57:02,"MICP010406","CYCHUNG","IRM001B_CL","Sodium","PCT_M-M",0.1840590874,"T","MICP01-20-0249",0.1840590874,0.953581659670525
"77",13942109,2020-04-03 07:57:02,"MICP010406","CYCHUNG","IRM001B_CL","Potassium","PCT_M-M",0.6877088351,"T","MICP01-20-0249",0.6877088351,0.191573852699859
"78",13942109,2020-04-03 07:57:02,"MICP010406","CYCHUNG","IRM001B_CL","Phosphorus","PCT_M-M",0.4544317663,"T","MICP01-20-0249",0.4544317663,-0.447800233314332
"79",13942526,2020-04-03 09:04:33,"MICP010406","YYU","IRM001B_CL","Iron","MG_P_KG",86.156893002,"T","MICP01-20-0250",86.156893002,-0.694752414422378
"80",13942526,2020-04-03 09:04:33,"MICP010406","YYU","IRM001B_CL","Zinc","MG_P_KG",37.445397613,"T","MICP01-20-0250",37.445397613,-0.31682120781984
"81",13942526,2020-04-03 09:04:33,"MICP010406","YYU","IRM001B_CL","Copper","MG_P_KG",0.1834433391,"T","MICP01-20-0250",0.1834433391,-0.971449844538434
"82",13942526,2020-04-03 09:04:33,"MICP010406","YYU","IRM001B_CL","Manganese","MG_P_KG",0.4899763516,"T","MICP01-20-0250",0.4899763516,-0.758384314791406
"83",13942526,2020-04-03 09:04:33,"MICP010406","YYU","IRM001B_CL","Calcium","PCT_M-M",0.6875514855,"T","MICP01-20-0250",0.6875514855,-0.697584940739453
"84",13942526,2020-04-03 09:04:33,"MICP010406","YYU","IRM001B_CL","Magnesium","PCT_M-M",0.06684258829,"T","MICP01-20-0250",0.06684258829,-0.544223388810067
"85",13942526,2020-04-03 09:04:33,"MICP010406","YYU","IRM001B_CL","Sodium","PCT_M-M",0.1775395136,"T","MICP01-20-0250",0.1775395136,-0.309810364373629
"86",13942526,2020-04-03 09:04:33,"MICP010406","YYU","IRM001B_CL","Potassium","PCT_M-M",0.672958451,"T","MICP01-20-0250",0.672958451,-0.73800984762385
"87",13942526,2020-04-03 09:04:33,"MICP010406","YYU","IRM001B_CL","Phosphorus","PCT_M-M",0.4726438615,"T","MICP01-20-0250",0.4726438615,0.284298612908284
"88",13943211,2020-04-03 10:40:46,"MICP010406","CYCHUNG","IRM001B_CL","Iron","MG_P_KG",NA,"T","MICP01-20-0251",81.404066504,-3.08737183524992
"89",13943211,2020-04-03 10:40:46,"MICP010406","CYCHUNG","IRM001B_CL","Zinc","MG_P_KG",38.156190107,"T","MICP01-20-0251",38.156190107,0.622974658285309
"90",13950989,2020-04-06 07:55:02,"MICP010406","SLOUYEH","IRM001B_CL","Iron","MG_P_KG",85.830279926,"T","MICP01-20-0252",85.830279926,-0.859172636591789
"91",13950989,2020-04-06 07:55:02,"MICP010406","SLOUYEH","IRM001B_CL","Zinc","MG_P_KG",38.783024067,"T","MICP01-20-0252",38.783024067,1.45176220080305
"92",13950989,2020-04-06 07:55:02,"MICP010406","SLOUYEH","IRM001B_CL","Copper","MG_P_KG",0.2522424489,"T","MICP01-20-0252",0.2522424489,0.291104924708482
"93",13950989,2020-04-06 07:55:02,"MICP010406","SLOUYEH","IRM001B_CL","Calcium","PCT_M-M",0.7119884806,"T","MICP01-20-0252",0.7119884806,0.905821128258718
"94",13950989,2020-04-06 07:55:02,"MICP010406","SLOUYEH","IRM001B_CL","Magnesium","PCT_M-M",0.06902108986,"T","MICP01-20-0252",0.06902108986,1.04483021845732
"95",13950989,2020-04-06 07:55:02,"MICP010406","SLOUYEH","IRM001B_CL","Sodium","PCT_M-M",0.1825227372,"T","MICP01-20-0252",0.1825227372,0.655860880925967
"96",13950989,2020-04-06 07:55:02,"MICP010406","SLOUYEH","IRM001B_CL","Phosphorus","PCT_M-M",0.4906158934,"T","MICP01-20-0252",0.4906158934,1.006747275392
"97",13951630,2020-04-06 10:39:50,"MICP010406","CYCHUNG","IRM001B_CL","Iron","MG_P_KG",88.862605762,"T","MICP01-20-0253",88.862605762,0.667329895857839
"98",13951630,2020-04-06 10:39:50,"MICP010406","CYCHUNG","IRM001B_CL","Zinc","MG_P_KG",37.371601197,"T","MICP01-20-0253",37.371601197,-0.414393378707418
"99",13951630,2020-04-06 10:39:50,"MICP010406","CYCHUNG","IRM001B_CL","Copper","MG_P_KG",0.2160229789,"T","MICP01-20-0253",0.2160229789,-0.373570311948368
"100",13951630,2020-04-06 10:39:50,"MICP010406","CYCHUNG","IRM001B_CL","Manganese","MG_P_KG",0.4943314494,"T","MICP01-20-0253",0.4943314494,-0.546184147152098
"101",13951630,2020-04-06 10:39:50,"MICP010406","CYCHUNG","IRM001B_CL","Calcium","PCT_M-M",0.6848867415,"T","MICP01-20-0253",0.6848867415,-0.872429134325535
"102",13951630,2020-04-06 10:39:50,"MICP010406","CYCHUNG","IRM001B_CL","Magnesium","PCT_M-M",0.06586100944,"T","MICP01-20-0253",0.06586100944,-1.26021158633516
"103",13951630,2020-04-06 10:39:50,"MICP010406","CYCHUNG","IRM001B_CL","Sodium","PCT_M-M",0.1709869993,"T","MICP01-20-0253",0.1709869993,-1.57958574509795
"104",13951630,2020-04-06 10:39:50,"MICP010406","CYCHUNG","IRM001B_CL","Potassium","PCT_M-M",0.6780987706,"T","MICP01-20-0253",0.6780987706,-0.414061855339736
"105",13951630,2020-04-06 10:39:50,"MICP010406","CYCHUNG","IRM001B_CL","Phosphorus","PCT_M-M",0.434358876,"T","MICP01-20-0253",0.434358876,-1.25470024496061
"106",13952609,2020-04-06 14:15:42,"MICP010406","GVEMULA","IRM001B_CL","Iron","MG_P_KG",83.015887969,"T","MICP01-20-0254",83.015887969,-2.27596511933287
"107",13952609,2020-04-06 14:15:42,"MICP010406","GVEMULA","IRM001B_CL","Zinc","MG_P_KG",36.79567962,"T","MICP01-20-0254",36.79567962,-1.17586556902201
"108",13952609,2020-04-06 14:15:42,"MICP010406","GVEMULA","IRM001B_CL","Copper","MG_P_KG",0.1735973739,"T","MICP01-20-0254",0.1735973739,-1.15213634407653
"109",13952609,2020-04-06 14:15:42,"MICP010406","GVEMULA","IRM001B_CL","Manganese","MG_P_KG",0.4950260316,"T","MICP01-20-0254",0.4950260316,-0.512340944071956
"110",13952609,2020-04-06 14:15:42,"MICP010406","GVEMULA","IRM001B_CL","Calcium","PCT_M-M",0.6830446753,"T","MICP01-20-0254",0.6830446753,-0.993294245297232
"111",13952609,2020-04-06 14:15:42,"MICP010406","GVEMULA","IRM001B_CL","Magnesium","PCT_M-M",0.06552592498,"T","MICP01-20-0254",0.06552592498,-1.50463058388597
"112",13952609,2020-04-06 14:15:42,"MICP010406","GVEMULA","IRM001B_CL","Sodium","PCT_M-M",NA,"T","MICP01-20-0254",0.1628538221,-3.15566901677098
"113",13952609,2020-04-06 14:15:42,"MICP010406","GVEMULA","IRM001B_CL","Potassium","PCT_M-M",0.6656459102,"T","MICP01-20-0254",0.6656459102,-1.19885335444697
"114",13952609,2020-04-06 14:15:42,"MICP010406","GVEMULA","IRM001B_CL","Phosphorus","PCT_M-M",0.4475864985,"T","MICP01-20-0254",0.4475864985,-0.722969707415523
"115",13955412,2020-04-07 05:43:01,"MICP010406","SLOUYEH","IRM001B_CL","Iron","MG_P_KG",83.705202635,"T","MICP01-20-0255",83.705202635,-1.92895736350024
"116",13955412,2020-04-07 05:43:01,"MICP010406","SLOUYEH","IRM001B_CL","Zinc","MG_P_KG",36.480358654,"T","MICP01-20-0255",36.480358654,-1.59277675315036
"117",13955412,2020-04-07 05:43:01,"MICP010406","SLOUYEH","IRM001B_CL","Copper","MG_P_KG",0.2324049382,"T","MICP01-20-0255",0.2324049382,-0.0729396656514901
"118",13955412,2020-04-07 05:43:01,"MICP010406","SLOUYEH","IRM001B_CL","Calcium","PCT_M-M",0.6866261054,"T","MICP01-20-0255",0.6866261054,-0.758302719762542
"119",13955412,2020-04-07 05:43:01,"MICP010406","SLOUYEH","IRM001B_CL","Sodium","PCT_M-M",NA,"T","MICP01-20-0255",0.1614389638,-3.42984655447638
"120",13955412,2020-04-07 05:43:01,"MICP010406","SLOUYEH","IRM001B_CL","Potassium","PCT_M-M",0.6637298741,"T","MICP01-20-0255",0.6637298741,-1.31960383224584
"121",13955412,2020-04-07 05:43:01,"MICP010406","SLOUYEH","IRM001B_CL","Phosphorus","PCT_M-M",0.4469481638,"T","MICP01-20-0255",0.4469481638,-0.748629802656725
"122",13957522,2020-04-07 11:37:11,"MICP010406",NA,"IRM001B_CL","Iron","MG_P_KG",87.639182492,"T","MICP01-20-0256",87.639182492,0.0514466363014267
"123",13957522,2020-04-07 11:37:11,"MICP010406",NA,"IRM001B_CL","Calcium","PCT_M-M",0.6925173447,"T","MICP01-20-0256",0.6925173447,-0.371755650088637
"124",13957522,2020-04-07 11:37:11,"MICP010406",NA,"IRM001B_CL","Sodium","PCT_M-M",NA,"T","MICP01-20-0256",0.1610404078,-3.50708050979029
"125",13958660,2020-04-07 14:17:00,"MICP010406","GVEMULA","IRM001B_CL","Iron","MG_P_KG",91.027767245,"T","MICP01-20-0257",91.027767245,1.75729339770952
"126",13958660,2020-04-07 14:17:00,"MICP010406","GVEMULA","IRM001B_CL","Zinc","MG_P_KG",38.110243637,"T","MICP01-20-0257",38.110243637,0.562225138653886
"127",13958660,2020-04-07 14:17:00,"MICP010406","GVEMULA","IRM001B_CL","Copper","MG_P_KG",0.3204093512,"T","MICP01-20-0257",0.3204093512,1.54205784915538
"128",13958660,2020-04-07 14:17:00,"MICP010406","GVEMULA","IRM001B_CL","Manganese","MG_P_KG",0.5018213748,"T","MICP01-20-0257",0.5018213748,-0.181240924640331
"129",13958660,2020-04-07 14:17:00,"MICP010406","GVEMULA","IRM001B_CL","Calcium","PCT_M-M",0.6976611551,"T","MICP01-20-0257",0.6976611551,-0.0342502907191484
"130",13958660,2020-04-07 14:17:00,"MICP010406","GVEMULA","IRM001B_CL","Magnesium","PCT_M-M",0.06772195981,"T","MICP01-20-0257",0.06772195981,0.0972122223583013
"131",13958660,2020-04-07 14:17:00,"MICP010406","GVEMULA","IRM001B_CL","Sodium","PCT_M-M",0.1764648659,"T","MICP01-20-0257",0.1764648659,-0.518060378022898
"132",13958660,2020-04-07 14:17:00,"MICP010406","GVEMULA","IRM001B_CL","Potassium","PCT_M-M",0.7023061971,"T","MICP01-20-0257",0.7023061971,1.11151394991567
"133",13958660,2020-04-07 14:17:00,"MICP010406","GVEMULA","IRM001B_CL","Phosphorus","PCT_M-M",0.4491207018,"T","MICP01-20-0257",0.4491207018,-0.661297041340235
"134",13960791,2020-04-07 18:02:25,"MICP010406","YYU","IRM001B_CL","Iron","MG_P_KG",90.528006224,"T","MICP01-20-0259",90.528006224,1.50570880375887
"135",13960791,2020-04-07 18:02:25,"MICP010406","YYU","IRM001B_CL","Zinc","MG_P_KG",37.902846197,"T","MICP01-20-0259",37.902846197,0.288008319542694
"136",13960791,2020-04-07 18:02:25,"MICP010406","YYU","IRM001B_CL","Copper","MG_P_KG",0.2503568226,"T","MICP01-20-0259",0.2503568226,0.256501185139711
"137",13960791,2020-04-07 18:02:25,"MICP010406","YYU","IRM001B_CL","Manganese","MG_P_KG",0.4974866198,"T","MICP01-20-0259",0.4974866198,-0.392449898564024
"138",13960791,2020-04-07 18:02:25,"MICP010406","YYU","IRM001B_CL","Calcium","PCT_M-M",0.6860115394,"T","MICP01-20-0259",0.6860115394,-0.798626779663012
"139",13960791,2020-04-07 18:02:25,"MICP010406","YYU","IRM001B_CL","Magnesium","PCT_M-M",0.065646521,"T","MICP01-20-0259",0.065646521,-1.41666482648553
"140",13960791,2020-04-07 18:02:25,"MICP010406","YYU","IRM001B_CL","Sodium","PCT_M-M",0.1702471743,"T","MICP01-20-0259",0.1702471743,-1.72295232593004
"141",13960791,2020-04-07 18:02:25,"MICP010406","YYU","IRM001B_CL","Potassium","PCT_M-M",0.67836731,"T","MICP01-20-0259",0.67836731,-0.397138238473742
"142",13960791,2020-04-07 18:02:25,"MICP010406","YYU","IRM001B_CL","Phosphorus","PCT_M-M",0.4679595842,"T","MICP01-20-0259",0.4679595842,0.0959977079845728
"143",13961278,2020-04-08 05:50:52,"MICP010406","YYU","IRM001B_CL","Iron","MG_P_KG",88.790076783,"T","MICP01-20-0258",88.790076783,0.63081809728888
"144",13961278,2020-04-08 05:50:52,"MICP010406","YYU","IRM001B_CL","Zinc","MG_P_KG",38.678842958,"T","MICP01-20-0258",38.678842958,1.31401598599222
"145",13961278,2020-04-08 05:50:52,"MICP010406","YYU","IRM001B_CL","Copper","MG_P_KG",0.2630455467,"T","MICP01-20-0258",0.2630455467,0.489356074900412
"146",13961278,2020-04-08 05:50:52,"MICP010406","YYU","IRM001B_CL","Manganese","MG_P_KG",0.4737150309,"T","MICP01-20-0258",0.4737150309,-1.55070980024355
"147",13961278,2020-04-08 05:50:52,"MICP010406","YYU","IRM001B_CL","Calcium","PCT_M-M",0.7299156287,"T","MICP01-20-0258",0.7299156287,2.08209087606291
"148",13961278,2020-04-08 05:50:52,"MICP010406","YYU","IRM001B_CL","Magnesium","PCT_M-M",0.07002425193,"T","MICP01-20-0258",0.07002425193,1.7765617572174
"149",13961278,2020-04-08 05:50:52,"MICP010406","YYU","IRM001B_CL","Sodium","PCT_M-M",0.1761885578,"T","MICP01-20-0258",0.1761885578,-0.571604591253335
"150",13961278,2020-04-08 05:50:52,"MICP010406","YYU","IRM001B_CL","Potassium","PCT_M-M",0.7276558407,"T","MICP01-20-0258",0.7276558407,2.70907339920317
"151",13961278,2020-04-08 05:50:52,"MICP010406","YYU","IRM001B_CL","Phosphorus","PCT_M-M",0.4570402224,"T","MICP01-20-0258",0.4570402224,-0.342944219755149
"152",13961605,2020-04-08 07:47:20,"MICP010406",NA,"IRM001B_CL","Iron","MG_P_KG",89.632787114,"T","MICP01-20-0261",89.632787114,1.05504673364475
"153",13961605,2020-04-08 07:47:20,"MICP010406",NA,"IRM001B_CL","Zinc","MG_P_KG",37.101188269,"T","MICP01-20-0261",37.101188269,-0.771928037586057
"154",13961605,2020-04-08 07:47:20,"MICP010406",NA,"IRM001B_CL","Copper","MG_P_KG",0.1935453418,"T","MICP01-20-0261",0.1935453418,-0.786064717828114
"155",13961605,2020-04-08 07:47:20,"MICP010406",NA,"IRM001B_CL","Manganese","MG_P_KG",0.5101557849,"T","MICP01-20-0261",0.5101557849,0.224849432364912
"156",13961605,2020-04-08 07:47:20,"MICP010406",NA,"IRM001B_CL","Calcium","PCT_M-M",0.6799371654,"T","MICP01-20-0261",0.6799371654,-1.19719002760362
"157",13961605,2020-04-08 07:47:20,"MICP010406",NA,"IRM001B_CL","Magnesium","PCT_M-M",0.06541726653,"T","MICP01-20-0261",0.06541726653,-1.58388877874353
"158",13961605,2020-04-08 07:47:20,"MICP010406",NA,"IRM001B_CL","Sodium","PCT_M-M",0.1702884485,"T","MICP01-20-0261",0.1702884485,-1.71495402777766
"159",13961605,2020-04-08 07:47:20,"MICP010406",NA,"IRM001B_CL","Potassium","PCT_M-M",0.6807720752,"T","MICP01-20-0261",0.6807720752,-0.245587572547302
"160",13961605,2020-04-08 07:47:20,"MICP010406",NA,"IRM001B_CL","Phosphorus","PCT_M-M",0.474948798,"T","MICP01-20-0261",0.474948798,0.376953594871392
"161",13961838,2020-04-08 08:29:48,"MICP010406","SLOUYEH","IRM001B_CL","Iron","MG_P_KG",87.048600069,"T","MICP01-20-0260",87.048600069,-0.245858341160678
"162",13961838,2020-04-08 08:29:48,"MICP010406","SLOUYEH","IRM001B_CL","Zinc","MG_P_KG",38.35361157,"T","MICP01-20-0260",38.35361157,0.884001436668576
"163",13962190,2020-04-08 09:36:33,"MICP010406","TCACOPARDO","IRM001B_CL","Iron","MG_P_KG",88.651732706,"T","MICP01-20-0263",88.651732706,0.561174333619841
"164",13962190,2020-04-08 09:36:33,"MICP010406","TCACOPARDO","IRM001B_CL","Zinc","MG_P_KG",37.803217222,"T","MICP01-20-0263",37.803217222,0.156280846841928
"165",13962190,2020-04-08 09:36:33,"MICP010406","TCACOPARDO","IRM001B_CL","Copper","MG_P_KG",0.2035365767,"T","MICP01-20-0263",0.2035365767,-0.602712326927538
"166",13962190,2020-04-08 09:36:33,"MICP010406","TCACOPARDO","IRM001B_CL","Calcium","PCT_M-M",0.7089026693,"T","MICP01-20-0263",0.7089026693,0.703349075293291
"167",13962190,2020-04-08 09:36:33,"MICP010406","TCACOPARDO","IRM001B_CL","Magnesium","PCT_M-M",0.06863573063,"T","MICP01-20-0263",0.06863573063,0.763739544501428
"168",13962190,2020-04-08 09:36:33,"MICP010406","TCACOPARDO","IRM001B_CL","Sodium","PCT_M-M",0.1751382635,"T","MICP01-20-0263",0.1751382635,-0.775135294674324
"169",13962190,2020-04-08 09:36:33,"MICP010406","TCACOPARDO","IRM001B_CL","Potassium","PCT_M-M",0.7097334568,"T","MICP01-20-0263",0.7097334568,1.57958715454437
"170",13962190,2020-04-08 09:36:33,"MICP010406","TCACOPARDO","IRM001B_CL","Phosphorus","PCT_M-M",0.4651586397,"T","MICP01-20-0263",0.4651586397,-0.0165960498595874
"171",13962285,2020-04-08 10:09:44,"MICP010406","YYU","IRM001B_CL","Iron","MG_P_KG",86.815301994,"T","MICP01-20-0262",86.815301994,-0.36330287765314
"172",13962285,2020-04-08 10:09:44,"MICP010406","YYU","IRM001B_CL","Zinc","MG_P_KG",37.589365787,"T","MICP01-20-0262",37.589365787,-0.12646931761557
"173",13962285,2020-04-08 10:09:44,"MICP010406","YYU","IRM001B_CL","Calcium","PCT_M-M",0.6812773643,"T","MICP01-20-0262",0.6812773643,-1.10925437753163
"174",13962285,2020-04-08 10:09:44,"MICP010406","YYU","IRM001B_CL","Magnesium","PCT_M-M",0.06592182361,"T","MICP01-20-0262",0.06592182361,-1.21585220760335
"175",13962285,2020-04-08 10:09:44,"MICP010406","YYU","IRM001B_CL","Sodium","PCT_M-M",0.1701752614,"T","MICP01-20-0262",0.1701752614,-1.73688792771521
"176",13962285,2020-04-08 10:09:44,"MICP010406","YYU","IRM001B_CL","Potassium","PCT_M-M",0.6776434333,"T","MICP01-20-0262",0.6776434333,-0.442757659419131
"177",13965275,2020-04-08 16:14:57,"MICP010406","SLOUYEH","IRM001B_CL","Iron","MG_P_KG",88.009573514,"T","MICP01-20-0264",88.009573514,0.237905105364048
"178",13965275,2020-04-08 16:14:57,"MICP010406","SLOUYEH","IRM001B_CL","Zinc","MG_P_KG",37.052329338,"T","MICP01-20-0264",37.052329338,-0.836528355912034
"179",13965275,2020-04-08 16:14:57,"MICP010406","SLOUYEH","IRM001B_CL","Copper","MG_P_KG",0.2700984254,"T","MICP01-20-0264",0.2700984254,0.618785738532556
"180",13965275,2020-04-08 16:14:57,"MICP010406","SLOUYEH","IRM001B_CL","Manganese","MG_P_KG",0.4845701284,"T","MICP01-20-0264",0.4845701284,-1.02180009143264
"181",13965275,2020-04-08 16:14:57,"MICP010406","SLOUYEH","IRM001B_CL","Calcium","PCT_M-M",0.7062086868,"T","MICP01-20-0264",0.7062086868,0.526586430270916
"182",13965275,2020-04-08 16:14:57,"MICP010406","SLOUYEH","IRM001B_CL","Magnesium","PCT_M-M",0.06844485724,"T","MICP01-20-0264",0.06844485724,0.624511713276659
"183",13965275,2020-04-08 16:14:57,"MICP010406","SLOUYEH","IRM001B_CL","Sodium","PCT_M-M",0.1715075647,"T","MICP01-20-0264",0.1715075647,-1.47870826529193
"184",13965275,2020-04-08 16:14:57,"MICP010406","SLOUYEH","IRM001B_CL","Potassium","PCT_M-M",0.7111526832,"T","MICP01-20-0264",0.7111526832,1.66902819686333
"185",13965275,2020-04-08 16:14:57,"MICP010406","SLOUYEH","IRM001B_CL","Phosphorus","PCT_M-M",0.4476862209,"T","MICP01-20-0264",0.4476862209,-0.718961016862305
"186",13966265,2020-04-08 18:27:34,"MICP010406","APOWERS","IRM001B_CL","Iron","MG_P_KG",90.887974581,"T","MICP01-20-0268",90.887974581,1.68692040115339
"187",13966265,2020-04-08 18:27:34,"MICP010406","APOWERS","IRM001B_CL","Zinc","MG_P_KG",38.035515445,"T","MICP01-20-0268",38.035515445,0.463420991851636
"188",13966265,2020-04-08 18:27:34,"MICP010406","APOWERS","IRM001B_CL","Copper","MG_P_KG",0.1985262765,"T","MICP01-20-0268",0.1985262765,-0.69465797028336
"189",13966265,2020-04-08 18:27:34,"MICP010406","APOWERS","IRM001B_CL","Manganese","MG_P_KG",0.5015946698,"T","MICP01-20-0268",0.5015946698,-0.192287023078044
"190",13966265,2020-04-08 18:27:34,"MICP010406","APOWERS","IRM001B_CL","Calcium","PCT_M-M",0.7213989253,"T","MICP01-20-0268",0.7213989253,1.52327691945589
"191",13966265,2020-04-08 18:27:34,"MICP010406","APOWERS","IRM001B_CL","Magnesium","PCT_M-M",0.06902313183,"T","MICP01-20-0268",0.06902313183,1.04631968251791
"192",13966265,2020-04-08 18:27:34,"MICP010406","APOWERS","IRM001B_CL","Sodium","PCT_M-M",0.1757104326,"T","MICP01-20-0268",0.1757104326,-0.664257820238109
"193",13966265,2020-04-08 18:27:34,"MICP010406","APOWERS","IRM001B_CL","Potassium","PCT_M-M",0.7159388327,"T","MICP01-20-0268",0.7159388327,1.97065604142315
"194",13966265,2020-04-08 18:27:34,"MICP010406","APOWERS","IRM001B_CL","Phosphorus","PCT_M-M",0.4866556778,"T","MICP01-20-0268",0.4866556778,0.847552562223971
"195",13966875,2020-04-09 05:54:50,"MICP010406","CYCHUNG","IRM001B_CL","Iron","MG_P_KG",85.758916135,"T","MICP01-20-0266",85.758916135,-0.895097868106619
"196",13966875,2020-04-09 05:54:50,"MICP010406","CYCHUNG","IRM001B_CL","Zinc","MG_P_KG",36.825483571,"T","MICP01-20-0266",36.825483571,-1.13645937075763
"197",13966875,2020-04-09 05:54:50,"MICP010406","CYCHUNG","IRM001B_CL","Copper","MG_P_KG",0.1758583587,"T","MICP01-20-0266",0.1758583587,-1.11064427897957
"198",13966875,2020-04-09 05:54:50,"MICP010406","CYCHUNG","IRM001B_CL","Manganese","MG_P_KG",0.4721356006,"T","MICP01-20-0266",0.4721356006,-1.62766682619934
"199",13966875,2020-04-09 05:54:50,"MICP010406","CYCHUNG","IRM001B_CL","Calcium","PCT_M-M",0.7047931086,"T","MICP01-20-0266",0.7047931086,0.433704851838976
"200",13966875,2020-04-09 05:54:50,"MICP010406","CYCHUNG","IRM001B_CL","Magnesium","PCT_M-M",0.0678502973,"T","MICP01-20-0266",0.0678502973,0.190824801867322
"201",13966875,2020-04-09 05:54:50,"MICP010406","CYCHUNG","IRM001B_CL","Sodium","PCT_M-M",0.1756142749,"T","MICP01-20-0266",0.1756142749,-0.682891687260278
"202",13966875,2020-04-09 05:54:50,"MICP010406","CYCHUNG","IRM001B_CL","Potassium","PCT_M-M",0.703552534,"T","MICP01-20-0266",0.703552534,1.19005932605621
"203",13966875,2020-04-09 05:54:50,"MICP010406","CYCHUNG","IRM001B_CL","Phosphorus","PCT_M-M",0.4535563447,"T","MICP01-20-0266",0.4535563447,-0.48299086548928
"204",13966916,2020-04-09 06:19:24,"MICP010406","YYU","IRM001B_CL","Iron","MG_P_KG",87.696881647,"T","MICP01-20-0265",87.696881647,0.0804929561863242
"205",13966916,2020-04-09 06:19:24,"MICP010406","YYU","IRM001B_CL","Zinc","MG_P_KG",37.11438349,"T","MICP01-20-0265",37.11438349,-0.754481575710298
"206",13966916,2020-04-09 06:19:24,"MICP010406","YYU","IRM001B_CL","Copper","MG_P_KG",0.1533627156,"T","MICP01-20-0265",0.1533627156,-1.52346911880302
"207",13966916,2020-04-09 06:19:24,"MICP010406","YYU","IRM001B_CL","Manganese","MG_P_KG",0.4818226085,"T","MICP01-20-0265",0.4818226085,-1.15567175405577
"208",13966916,2020-04-09 06:19:24,"MICP010406","YYU","IRM001B_CL","Calcium","PCT_M-M",0.7122838363,"T","MICP01-20-0265",0.7122838363,0.92520056177562
"209",13966916,2020-04-09 06:19:24,"MICP010406","YYU","IRM001B_CL","Magnesium","PCT_M-M",0.06853405517,"T","MICP01-20-0265",0.06853405517,0.689574917443766
"210",13966916,2020-04-09 06:19:24,"MICP010406","YYU","IRM001B_CL","Sodium","PCT_M-M",0.1743159699,"T","MICP01-20-0265",0.1743159699,-0.934483007812037
"211",13966916,2020-04-09 06:19:24,"MICP010406","YYU","IRM001B_CL","Potassium","PCT_M-M",0.7094312762,"T","MICP01-20-0265",0.7094312762,1.56054343619713
"212",13966916,2020-04-09 06:19:24,"MICP010406","YYU","IRM001B_CL","Phosphorus","PCT_M-M",0.4931386537,"T","MICP01-20-0265",0.4931386537,1.10815844662979
"213",13967733,2020-04-09 08:47:59,"MICP010406","YYU","IRM001B_CL","Iron","MG_P_KG",88.709775846,"T","MICP01-20-0267",88.709775846,0.590393818923636
"214",13967733,2020-04-09 08:47:59,"MICP010406","YYU","IRM001B_CL","Zinc","MG_P_KG",36.781504029,"T","MICP01-20-0267",36.781504029,-1.19460825684421
"215",13967733,2020-04-09 08:47:59,"MICP010406","YYU","IRM001B_CL","Copper","MG_P_KG",0.2125376983,"T","MICP01-20-0267",0.2125376983,-0.437529826199143
"216",13967733,2020-04-09 08:47:59,"MICP010406","YYU","IRM001B_CL","Manganese","MG_P_KG",0.5155417879,"T","MICP01-20-0267",0.5155417879,0.487279988919996
"217",13967733,2020-04-09 08:47:59,"MICP010406","YYU","IRM001B_CL","Calcium","PCT_M-M",0.6861012993,"T","MICP01-20-0267",0.6861012993,-0.792737284337437
"218",13967733,2020-04-09 08:47:59,"MICP010406","YYU","IRM001B_CL","Magnesium","PCT_M-M",0.06547966945,"T","MICP01-20-0267",0.06547966945,-1.53837052597036
"219",13967733,2020-04-09 08:47:59,"MICP010406","YYU","IRM001B_CL","Sodium","PCT_M-M",0.1697941955,"T","MICP01-20-0267",0.1697941955,-1.81073257361756
"220",13967733,2020-04-09 08:47:59,"MICP010406","YYU","IRM001B_CL","Potassium","PCT_M-M",0.6810055661,"T","MICP01-20-0267",0.6810055661,-0.230872746591426
"221",13973773,2020-04-10 09:04:18,"MICP010406","GVEMULA","IRM001B_CL","Iron","MG_P_KG",86.210605983,"T","MICP01-20-0269",86.210605983,-0.667712773580198
"222",13973773,2020-04-10 09:04:18,"MICP010406","GVEMULA","IRM001B_CL","Calcium","PCT_M-M",0.7147559448,"T","MICP01-20-0269",0.7147559448,1.08740519274197
"223",13973773,2020-04-10 09:04:18,"MICP010406","GVEMULA","IRM001B_CL","Sodium","PCT_M-M",0.1711106947,"T","MICP01-20-0269",0.1711106947,-1.55561550002288
"224",13974408,2020-04-10 12:33:35,"MICP010406",NA,"IRM001B_CL","Iron","MG_P_KG",89.368028765,"T","MICP01-20-0270",89.368028765,0.921764787015691
"225",13974408,2020-04-10 12:33:35,"MICP010406",NA,"IRM001B_CL","Zinc","MG_P_KG",37.826669132,"T","MICP01-20-0270",37.826669132,0.187288501335067
"226",13974408,2020-04-10 12:33:35,"MICP010406",NA,"IRM001B_CL","Copper","MG_P_KG",0.1979866137,"T","MICP01-20-0270",0.1979866137,-0.704561497289826
"227",13974408,2020-04-10 12:33:35,"MICP010406",NA,"IRM001B_CL","Manganese","MG_P_KG",0.4919530116,"T","MICP01-20-0270",0.4919530116,-0.662072451630513
"228",13974408,2020-04-10 12:33:35,"MICP010406",NA,"IRM001B_CL","Calcium","PCT_M-M",0.7110619929,"T","MICP01-20-0270",0.7110619929,0.845030675301921
"229",13974408,2020-04-10 12:33:35,"MICP010406",NA,"IRM001B_CL","Magnesium","PCT_M-M",0.06747723758,"T","MICP01-20-0270",0.06747723758,-0.0812943014446685
"230",13974408,2020-04-10 12:33:35,"MICP010406",NA,"IRM001B_CL","Sodium","PCT_M-M",0.1755113692,"T","MICP01-20-0270",0.1755113692,-0.702833211752063
"231",13974408,2020-04-10 12:33:35,"MICP010406",NA,"IRM001B_CL","Potassium","PCT_M-M",0.6994694451,"T","MICP01-20-0270",0.6994694451,0.932739051365018
"232",13974408,2020-04-10 12:33:35,"MICP010406",NA,"IRM001B_CL","Phosphorus","PCT_M-M",0.5033941283,"T","MICP01-20-0270",0.5033941283,1.52041310704499
"233",13977998,2020-04-14 05:38:33,"MICP010406","CYCHUNG","IRM001B_CL","Iron","MG_P_KG",86.137714816,"T","MICP01-20-0271",86.137714816,-0.704406901136581
"234",13977998,2020-04-14 05:38:33,"MICP010406","CYCHUNG","IRM001B_CL","Zinc","MG_P_KG",37.502066344,"T","MICP01-20-0271",37.502066344,-0.241894925422679
"235",13977998,2020-04-14 05:38:33,"MICP010406","CYCHUNG","IRM001B_CL","Calcium","PCT_M-M",0.7039460808,"T","MICP01-20-0271",0.7039460808,0.378128071241668
"236",13977998,2020-04-14 05:38:33,"MICP010406","CYCHUNG","IRM001B_CL","Magnesium","PCT_M-M",0.067877766,"T","MICP01-20-0271",0.067877766,0.210861159620305
"237",13977998,2020-04-14 05:38:33,"MICP010406","CYCHUNG","IRM001B_CL","Sodium","PCT_M-M",0.1748156244,"T","MICP01-20-0271",0.1748156244,-0.837657735264654
"238",13977998,2020-04-14 05:38:33,"MICP010406","CYCHUNG","IRM001B_CL","Potassium","PCT_M-M",0.7064678016,"T","MICP01-20-0271",0.7064678016,1.37378235487157
"239",13977998,2020-04-14 05:38:33,"MICP010406","CYCHUNG","IRM001B_CL","Phosphorus","PCT_M-M",0.4924770728,"T","MICP01-20-0271",0.4924770728,1.08156388909789
"240",13978182,2020-04-14 07:24:56,"MICP010406",NA,"IRM001B_CL","Iron","MG_P_KG",88.867658362,"T","MICP01-20-0272",88.867658362,0.669873424196346
"241",13978182,2020-04-14 07:24:56,"MICP010406",NA,"IRM001B_CL","Manganese","MG_P_KG",0.486776958,"T","MICP01-20-0272",0.486776958,-0.91427331876834
"242",13978182,2020-04-14 07:24:56,"MICP010406",NA,"IRM001B_CL","Calcium","PCT_M-M",0.6974269487,"T","MICP01-20-0272",0.6974269487,-0.0496174813913882
"243",13978182,2020-04-14 07:24:56,"MICP010406",NA,"IRM001B_CL","Sodium","PCT_M-M",0.1730202044,"T","MICP01-20-0272",0.1730202044,-1.18558221275264
"244",13979032,2020-04-14 10:31:29,"MICP010406",NA,"IRM001B_CL","Copper","MG_P_KG",0.2036820803,"T","MICP01-20-0273",0.2036820803,-0.600042143190326
"245",13979032,2020-04-14 10:31:29,"MICP010406",NA,"IRM001B_CL","Calcium","PCT_M-M",0.6743832887,"T","MICP01-20-0273",0.6743832887,-1.56160142805636
"246",13979032,2020-04-14 10:31:29,"MICP010406",NA,"IRM001B_CL","Sodium","PCT_M-M",0.166760494,"T","MICP01-20-0273",0.166760494,-2.39861675071373
"247",13979032,2020-04-14 10:31:29,"MICP010406",NA,"IRM001B_CL","Phosphorus","PCT_M-M",0.4623096128,"T","MICP01-20-0273",0.4623096128,-0.131122647894677
"248",13982575,2020-04-15 05:54:43,"MICP010406","YYU","IRM001B_CL","Iron","MG_P_KG",88.119980332,"T","MICP01-20-0274",88.119980332,0.293484979161195
"249",13982575,2020-04-15 05:54:43,"MICP010406","YYU","IRM001B_CL","Zinc","MG_P_KG",37.297236722,"T","MICP01-20-0274",37.297236722,-0.512716626040522
"250",13982575,2020-04-15 05:54:43,"MICP010406","YYU","IRM001B_CL","Copper","MG_P_KG",0.1898493719,"T","MICP01-20-0274",0.1898493719,-0.853890659730607
"251",13982575,2020-04-15 05:54:43,"MICP010406","YYU","IRM001B_CL","Manganese","MG_P_KG",0.4909203414,"T","MICP01-20-0274",0.4909203414,-0.712388839371819
"252",13982575,2020-04-15 05:54:43,"MICP010406","YYU","IRM001B_CL","Calcium","PCT_M-M",0.6898738828,"T","MICP01-20-0274",0.6898738828,-0.545203442514866
"253",13982575,2020-04-15 05:54:43,"MICP010406","YYU","IRM001B_CL","Magnesium","PCT_M-M",0.06632826525,"T","MICP01-20-0274",0.06632826525,-0.919383495769611
"254",13982575,2020-04-15 05:54:43,"MICP010406","YYU","IRM001B_CL","Sodium","PCT_M-M",0.1699665074,"T","MICP01-20-0274",0.1699665074,-1.77734120682179
"255",13982575,2020-04-15 05:54:43,"MICP010406","YYU","IRM001B_CL","Potassium","PCT_M-M",0.6803133342,"T","MICP01-20-0274",0.6803133342,-0.27449788114532
"256",13982575,2020-04-15 05:54:43,"MICP010406","YYU","IRM001B_CL","Phosphorus","PCT_M-M",0.4844227157,"T","MICP01-20-0274",0.4844227157,0.757790842931573
"257",13983413,2020-04-15 09:07:00,"MICP010406","YYU","IRM001B_CL","Iron","MG_P_KG",85.401279035,"T","MICP01-20-0275",85.401279035,-1.07513588788885
"258",13983413,2020-04-15 09:07:00,"MICP010406","YYU","IRM001B_CL","Zinc","MG_P_KG",36.017073734,"T","MICP01-20-0275",36.017073734,-2.20532296926847
"259",13983413,2020-04-15 09:07:00,"MICP010406","YYU","IRM001B_CL","Calcium","PCT_M-M",0.6778246441,"T","MICP01-20-0275",0.6778246441,-1.33580074710685
"260",13983413,2020-04-15 09:07:00,"MICP010406","YYU","IRM001B_CL","Magnesium","PCT_M-M",0.06534019239,"T","MICP01-20-0275",0.06534019239,-1.64010858683577
"261",13983413,2020-04-15 09:07:00,"MICP010406","YYU","IRM001B_CL","Potassium","PCT_M-M",0.6704838328,"T","MICP01-20-0275",0.6704838328,-0.893962718250746
"262",13983413,2020-04-15 09:07:00,"MICP010406","YYU","IRM001B_CL","Phosphorus","PCT_M-M",0.3975330204,"T","MICP01-20-0275",0.3975330204,-2.73504427456576
"263",13983461,2020-04-15 09:19:02,"MICP010406","APOWERS","IRM001B_CL","Iron","MG_P_KG",88.973906214,"T","MICP01-20-0277",88.973906214,0.723359633765193
"264",13983461,2020-04-15 09:19:02,"MICP010406","APOWERS","IRM001B_CL","Zinc","MG_P_KG",39.536892122,"T","MICP01-20-0277",39.536892122,2.44851172708283
"265",13983461,2020-04-15 09:19:02,"MICP010406","APOWERS","IRM001B_CL","Copper","MG_P_KG",0.2444395744,"T","MICP01-20-0277",0.2444395744,0.147911844994969
"266",13983461,2020-04-15 09:19:02,"MICP010406","APOWERS","IRM001B_CL","Manganese","MG_P_KG",0.5406679135,"T","MICP01-20-0277",0.5406679135,1.71153907776211
"267",13983461,2020-04-15 09:19:02,"MICP010406","APOWERS","IRM001B_CL","Calcium","PCT_M-M",0.7304034509,"T","MICP01-20-0277",0.7304034509,2.11409878345378
"268",13983461,2020-04-15 09:19:02,"MICP010406","APOWERS","IRM001B_CL","Magnesium","PCT_M-M",0.07103163971,"T","MICP01-20-0277",0.07103163971,2.51137563468735
"269",13983461,2020-04-15 09:19:02,"MICP010406","APOWERS","IRM001B_CL","Sodium","PCT_M-M",0.1898063772,"T","MICP01-20-0277",0.1898063772,2.06731705341518
"270",13983461,2020-04-15 09:19:02,"MICP010406","APOWERS","IRM001B_CL","Potassium","PCT_M-M",0.7090849251,"T","MICP01-20-0277",0.7090849251,1.53871604953611
"271",13983461,2020-04-15 09:19:02,"MICP010406","APOWERS","IRM001B_CL","Phosphorus","PCT_M-M",0.5070199663,"T","MICP01-20-0277",0.5070199663,1.66616634341014
"272",13988464,2020-04-16 05:38:16,"MICP010406","SLOUYEH","IRM001B_CL","Iron","MG_P_KG",88.036011666,"T","MICP01-20-0280",88.036011666,0.251214330085928
"273",13988464,2020-04-16 05:38:16,"MICP010406","SLOUYEH","IRM001B_CL","Zinc","MG_P_KG",38.615846198,"T","MICP01-20-0280",38.615846198,1.2307229080183
"274",13988464,2020-04-16 05:38:16,"MICP010406","SLOUYEH","IRM001B_CL","Copper","MG_P_KG",0.223946919,"T","MICP01-20-0280",0.223946919,-0.228155518158669
"275",13988464,2020-04-16 05:38:16,"MICP010406","SLOUYEH","IRM001B_CL","Calcium","PCT_M-M",0.728546691,"T","MICP01-20-0280",0.728546691,1.99226956181055
"276",13988464,2020-04-16 05:38:16,"MICP010406","SLOUYEH","IRM001B_CL","Sodium","PCT_M-M",0.1882535861,"T","MICP01-20-0280",0.1882535861,1.76641028390415
"277",13988464,2020-04-16 05:38:16,"MICP010406","SLOUYEH","IRM001B_CL","Phosphorus","PCT_M-M",0.4495039699,"T","MICP01-20-0280",0.4495039699,-0.645890239941353
"278",13988523,2020-04-16 05:55:03,"MICP010406",NA,"IRM001B_CL","Iron","MG_P_KG",88.875658969,"T","MICP01-20-0278",88.875658969,0.673901008139219
"279",13988523,2020-04-16 05:55:03,"MICP010406",NA,"IRM001B_CL","Zinc","MG_P_KG",37.124386553,"T","MICP01-20-0278",37.124386553,-0.741255722405509
"280",13988523,2020-04-16 05:55:03,"MICP010406",NA,"IRM001B_CL","Copper","MG_P_KG",0.2919332762,"T","MICP01-20-0278",0.2919332762,1.01948416462374
"281",13988523,2020-04-16 05:55:03,"MICP010406",NA,"IRM001B_CL","Manganese","MG_P_KG",0.5211714713,"T","MICP01-20-0278",0.5211714713,0.761583762588687
"282",13988523,2020-04-16 05:55:03,"MICP010406",NA,"IRM001B_CL","Calcium","PCT_M-M",0.706419274,"T","MICP01-20-0278",0.706419274,0.540403873583876
"283",13988523,2020-04-16 05:55:03,"MICP010406",NA,"IRM001B_CL","Magnesium","PCT_M-M",0.06869354,"T","MICP01-20-0278",0.06869354,0.805907146855898
"284",13988523,2020-04-16 05:55:03,"MICP010406",NA,"IRM001B_CL","Sodium","PCT_M-M",0.1825153546,"T","MICP01-20-0278",0.1825153546,0.654430247844291
"285",13988523,2020-04-16 05:55:03,"MICP010406",NA,"IRM001B_CL","Potassium","PCT_M-M",0.6863882682,"T","MICP01-20-0278",0.6863882682,0.108350429017825
"286",13988527,2020-04-16 05:56:02,"MICP010406","YYU","IRM001B_CL","Iron","MG_P_KG",84.645742822,"T","MICP01-20-0279",84.645742822,-1.45548021923
"287",13988527,2020-04-16 05:56:02,"MICP010406","YYU","IRM001B_CL","Zinc","MG_P_KG",38.501674368,"T","MICP01-20-0279",38.501674368,1.07976715825253
"288",13988527,2020-04-16 05:56:02,"MICP010406","YYU","IRM001B_CL","Copper","MG_P_KG",0.1732312515,"T","MICP01-20-0279",0.1732312515,-1.1588551749392
"289",13988527,2020-04-16 05:56:02,"MICP010406","YYU","IRM001B_CL","Manganese","MG_P_KG",0.5224199442,"T","MICP01-20-0279",0.5224199442,0.822415039138469
"290",13988527,2020-04-16 05:56:02,"MICP010406","YYU","IRM001B_CL","Calcium","PCT_M-M",0.7174523665,"T","MICP01-20-0279",0.7174523665,1.26432788314093
"291",13988527,2020-04-16 05:56:02,"MICP010406","YYU","IRM001B_CL","Magnesium","PCT_M-M",0.0702640697,"T","MICP01-20-0279",0.0702640697,1.95149084506071
"292",13988527,2020-04-16 05:56:02,"MICP010406","YYU","IRM001B_CL","Sodium","PCT_M-M",0.1874043765,"T","MICP01-20-0279",0.1874043765,1.60184666850621
"293",13988527,2020-04-16 05:56:02,"MICP010406","YYU","IRM001B_CL","Potassium","PCT_M-M",0.7043524723,"T","MICP01-20-0279",0.7043524723,1.2404722237749
"294",13988527,2020-04-16 05:56:02,"MICP010406","YYU","IRM001B_CL","Phosphorus","PCT_M-M",0.4249389926,"T","MICP01-20-0279",0.4249389926,-1.63336539539819
"295",13989121,2020-04-16 08:23:35,"MICP010406","CYCHUNG","IRM001B_CL","Iron","MG_P_KG",87.665329666,"T","MICP01-20-0282",87.665329666,0.0646093798475012
"296",13989121,2020-04-16 08:23:35,"MICP010406","CYCHUNG","IRM001B_CL","Zinc","MG_P_KG",38.447363033,"T","MICP01-20-0282",38.447363033,1.00795777851581
"297",13989121,2020-04-16 08:23:35,"MICP010406","CYCHUNG","IRM001B_CL","Manganese","MG_P_KG",0.5038436097,"T","MICP01-20-0282",0.5038436097,-0.0827084451203407
"298",13989121,2020-04-16 08:23:35,"MICP010406","CYCHUNG","IRM001B_CL","Calcium","PCT_M-M",0.7140550104,"T","MICP01-20-0282",0.7140550104,1.04141416699062
"299",13989121,2020-04-16 08:23:35,"MICP010406","CYCHUNG","IRM001B_CL","Magnesium","PCT_M-M",0.06899586,"T","MICP01-20-0282",0.06899586,1.02642692667368
"300",13989121,2020-04-16 08:23:35,"MICP010406","CYCHUNG","IRM001B_CL","Sodium","PCT_M-M",0.1854539675,"T","MICP01-20-0282",0.1854539675,1.22388773287395
"301",13989121,2020-04-16 08:23:35,"MICP010406","CYCHUNG","IRM001B_CL","Potassium","PCT_M-M",0.6910515323,"T","MICP01-20-0282",0.6910515323,0.402233914917337
"302",13989121,2020-04-16 08:23:35,"MICP010406","CYCHUNG","IRM001B_CL","Phosphorus","PCT_M-M",0.4472456533,"T","MICP01-20-0282",0.4472456533,-0.736671172014748
"303",13989513,2020-04-16 09:15:20,"MICP010406","YYU","IRM001B_CL","Iron","MG_P_KG",83.929682953,"T","MICP01-20-0281",83.929682953,-1.81595177226598
"304",13989513,2020-04-16 09:15:20,"MICP010406","YYU","IRM001B_CL","Zinc","MG_P_KG",37.135821503,"T","MICP01-20-0281",37.135821503,-0.72613665625071
"305",13989513,2020-04-16 09:15:20,"MICP010406","YYU","IRM001B_CL","Copper","MG_P_KG",0.1794446232,"T","MICP01-20-0281",0.1794446232,-1.04483157643998
"306",13989513,2020-04-16 09:15:20,"MICP010406","YYU","IRM001B_CL","Manganese","MG_P_KG",0.48844077,"T","MICP01-20-0281",0.48844077,-0.833204832701207
"307",13989513,2020-04-16 09:15:20,"MICP010406","YYU","IRM001B_CL","Calcium","PCT_M-M",0.6616106476,"T","MICP01-20-0281",0.6616106476,-2.39966397106008
"308",13989513,2020-04-16 09:15:20,"MICP010406","YYU","IRM001B_CL","Magnesium","PCT_M-M",0.06486075644,"T","MICP01-20-0281",0.06486075644,-1.98982117657752
"309",13989513,2020-04-16 09:15:20,"MICP010406","YYU","IRM001B_CL","Sodium","PCT_M-M",0.1758157597,"T","MICP01-20-0281",0.1758157597,-0.643847066078735
"310",13989513,2020-04-16 09:15:20,"MICP010406","YYU","IRM001B_CL","Potassium","PCT_M-M",0.6679480175,"T","MICP01-20-0281",0.6679480175,-1.05377229025447
"311",13989513,2020-04-16 09:15:20,"MICP010406","YYU","IRM001B_CL","Phosphorus","PCT_M-M",0.4466316825,"T","MICP01-20-0281",0.4466316825,-0.761351875105645
"312",13992877,2020-04-16 16:56:46,"MICP010406","YYU","IRM001B_CL","Iron","MG_P_KG",86.431978726,"T","MICP01-20-0284",86.431978726,-0.556271566044734
"313",13992877,2020-04-16 16:56:46,"MICP010406","YYU","IRM001B_CL","Zinc","MG_P_KG",36.814046743,"T","MICP01-20-0284",36.814046743,-1.15158091996712
"314",13992877,2020-04-16 16:56:46,"MICP010406","YYU","IRM001B_CL","Copper","MG_P_KG",0.3025701031,"T","MICP01-20-0284",0.3025701031,1.21468402362321
"315",13992877,2020-04-16 16:56:46,"MICP010406","YYU","IRM001B_CL","Calcium","PCT_M-M",0.6931999686,"T","MICP01-20-0284",0.6931999686,-0.326966047290741
"316",13992877,2020-04-16 16:56:46,"MICP010406","YYU","IRM001B_CL","Magnesium","PCT_M-M",0.06762720464,"T","MICP01-20-0284",0.06762720464,0.0280954281501894
"317",13992877,2020-04-16 16:56:46,"MICP010406","YYU","IRM001B_CL","Sodium","PCT_M-M",0.1790896446,"T","MICP01-20-0284",0.1790896446,-0.00941908087844519
"318",13992877,2020-04-16 16:56:46,"MICP010406","YYU","IRM001B_CL","Potassium","PCT_M-M",0.677124125,"T","MICP01-20-0284",0.677124125,-0.475484978779095
"319",13992877,2020-04-16 16:56:46,"MICP010406","YYU","IRM001B_CL","Phosphorus","PCT_M-M",0.4904645266,"T","MICP01-20-0284",0.4904645266,1.00066255760311
"320",13992877,2020-04-16 16:56:46,"MICP010406","YYU","IRM001B_CL","Sulphur","PCT_M-M",0.2002713162,"T","MICP01-20-0284",0.2002713162,-0.0965291737607735
"321",13994317,2020-04-17 05:48:51,"MICP010406","SLOUYEH","IRM001B_CL","Sodium","PCT_M-M",0.1765921018,"T","MICP01-20-0283",0.1765921018,-0.493404039102076
"322",13994385,2020-04-17 06:37:25,"MICP010406","YYU","IRM001B_CL","Iron","MG_P_KG",87.631328954,"T","MICP01-20-0287",87.631328954,0.0474930883339322
"323",13994385,2020-04-17 06:37:25,"MICP010406","YYU","IRM001B_CL","Zinc","MG_P_KG",36.774754697,"T","MICP01-20-0287",36.774754697,-1.20353209096754
"324",13994385,2020-04-17 06:37:25,"MICP010406","YYU","IRM001B_CL","Copper","MG_P_KG",0.2874490292,"T","MICP01-20-0287",0.2874490292,0.937192294092431
"325",13994385,2020-04-17 06:37:25,"MICP010406","YYU","IRM001B_CL","Manganese","MG_P_KG",0.4896797307,"T","MICP01-20-0287",0.4896797307,-0.772837033787827
"326",13994385,2020-04-17 06:37:25,"MICP010406","YYU","IRM001B_CL","Calcium","PCT_M-M",0.6711180248,"T","MICP01-20-0287",0.6711180248,-1.77584806242019
"327",13994385,2020-04-17 06:37:25,"MICP010406","YYU","IRM001B_CL","Magnesium","PCT_M-M",0.06606418367,"T","MICP01-20-0287",0.06606418367,-1.11201121433117
"328",13994385,2020-04-17 06:37:25,"MICP010406","YYU","IRM001B_CL","Sodium","PCT_M-M",0.1790121636,"T","MICP01-20-0287",0.1790121636,-0.0244336938605013
"329",13994385,2020-04-17 06:37:25,"MICP010406","YYU","IRM001B_CL","Potassium","PCT_M-M",0.6788816823,"T","MICP01-20-0287",0.6788816823,-0.364721990684095
"330",13994385,2020-04-17 06:37:25,"MICP010406","YYU","IRM001B_CL","Phosphorus","PCT_M-M",0.4790528777,"T","MICP01-20-0287",0.4790528777,0.541931428568179
"331",13994385,2020-04-17 06:37:25,"MICP010406","YYU","IRM001B_CL","Sulphur","PCT_M-M",0.2034395775,"T","MICP01-20-0287",0.2034395775,0.704369184588771
"332",13994393,2020-04-17 06:39:38,"MICP010406","CYCHUNG","IRM001B_CL","Iron","MG_P_KG",89.727970375,"T","MICP01-20-0286",89.727970375,1.10296291970838
"333",13994393,2020-04-17 06:39:38,"MICP010406","CYCHUNG","IRM001B_CL","Zinc","MG_P_KG",38.478662485,"T","MICP01-20-0286",38.478662485,1.04934129881077
"334",13994393,2020-04-17 06:39:38,"MICP010406","CYCHUNG","IRM001B_CL","Copper","MG_P_KG",0.2736412938,"T","MICP01-20-0286",0.2736412938,0.683802065171629
"335",13994393,2020-04-17 06:39:38,"MICP010406","CYCHUNG","IRM001B_CL","Manganese","MG_P_KG",0.5318543016,"T","MICP01-20-0286",0.5318543016,1.28209983010898
"336",13994393,2020-04-17 06:39:38,"MICP010406","CYCHUNG","IRM001B_CL","Calcium","PCT_M-M",0.6800879972,"T","MICP01-20-0286",0.6800879972,-1.18729336794771
"337",13994393,2020-04-17 06:39:38,"MICP010406","CYCHUNG","IRM001B_CL","Magnesium","PCT_M-M",0.06730678229,"T","MICP01-20-0286",0.06730678229,-0.20562865914371
"338",13994393,2020-04-17 06:39:38,"MICP010406","CYCHUNG","IRM001B_CL","Sodium","PCT_M-M",0.1831272661,"T","MICP01-20-0286",0.1831272661,0.773009181412137
"339",13994393,2020-04-17 06:39:38,"MICP010406","CYCHUNG","IRM001B_CL","Potassium","PCT_M-M",0.6886302689,"T","MICP01-20-0286",0.6886302689,0.249643516215083
"340",13994393,2020-04-17 06:39:38,"MICP010406","CYCHUNG","IRM001B_CL","Phosphorus","PCT_M-M",0.4563230778,"T","MICP01-20-0286",0.4563230778,-0.371772354490288
"341",13995327,2020-04-17 09:21:49,"MICP010406","YYU","IRM001B_CL","Iron","MG_P_KG",87.444115754,"T","MICP01-20-0285",87.444115754,-0.0467518706065562
"342",13995327,2020-04-17 09:21:49,"MICP010406","YYU","IRM001B_CL","Zinc","MG_P_KG",38.668425044,"T","MICP01-20-0285",38.668425044,1.30024162484845
"343",13995327,2020-04-17 09:21:49,"MICP010406","YYU","IRM001B_CL","Copper","MG_P_KG",0.2758280855,"T","MICP01-20-0285",0.2758280855,0.723932588636404
"344",13995327,2020-04-17 09:21:49,"MICP010406","YYU","IRM001B_CL","Calcium","PCT_M-M",0.680265118,"T","MICP01-20-0285",0.680265118,-1.17567178499515
"345",13995327,2020-04-17 09:21:49,"MICP010406","YYU","IRM001B_CL","Magnesium","PCT_M-M",0.06804433989,"T","MICP01-20-0285",0.06804433989,0.332364326946942
"346",13995327,2020-04-17 09:21:49,"MICP010406","YYU","IRM001B_CL","Sodium","PCT_M-M",0.186347412,"T","MICP01-20-0285",0.186347412,1.39702338404583
"347",13995327,2020-04-17 09:21:49,"MICP010406","YYU","IRM001B_CL","Potassium","PCT_M-M",0.6992392678,"T","MICP01-20-0285",0.6992392678,0.918233051737219
"348",13995327,2020-04-17 09:21:49,"MICP010406","YYU","IRM001B_CL","Phosphorus","PCT_M-M",0.5096077139,"T","MICP01-20-0285",0.5096077139,1.77018990640334
"349",13998611,2020-04-17 16:52:55,"MICP010406","TCACOPARDO","IRM001B_CL","Iron","MG_P_KG",87.402894277,"T","MICP01-20-0288",87.402894277,-0.0675031659603594
"350",13998611,2020-04-17 16:52:55,"MICP010406","TCACOPARDO","IRM001B_CL","Zinc","MG_P_KG",38.129816157,"T","MICP01-20-0288",38.129816157,0.588103539932076
"351",13998611,2020-04-17 16:52:55,"MICP010406","TCACOPARDO","IRM001B_CL","Copper","MG_P_KG",0.2180163043,"T","MICP01-20-0288",0.2180163043,-0.336990151278455
"352",13998611,2020-04-17 16:52:55,"MICP010406","TCACOPARDO","IRM001B_CL","Manganese","MG_P_KG",0.4822031421,"T","MICP01-20-0288",0.4822031421,-1.13713042676057
"353",13998611,2020-04-17 16:52:55,"MICP010406","TCACOPARDO","IRM001B_CL","Calcium","PCT_M-M",0.6961751942,"T","MICP01-20-0288",0.6961751942,-0.131749951197213
"354",13998611,2020-04-17 16:52:55,"MICP010406","TCACOPARDO","IRM001B_CL","Magnesium","PCT_M-M",0.06680862755,"T","MICP01-20-0288",0.06680862755,-0.568995203136773
"355",13998611,2020-04-17 16:52:55,"MICP010406","TCACOPARDO","IRM001B_CL","Sodium","PCT_M-M",0.1754912679,"T","MICP01-20-0288",0.1754912679,-0.706728531119858
"356",13998611,2020-04-17 16:52:55,"MICP010406","TCACOPARDO","IRM001B_CL","Potassium","PCT_M-M",0.6600754919,"T","MICP01-20-0288",0.6600754919,-1.54990658943797
"357",13998611,2020-04-17 16:52:55,"MICP010406","TCACOPARDO","IRM001B_CL","Phosphorus","PCT_M-M",0.453826014,"T","MICP01-20-0288",0.453826014,-0.472150565061263
"358",13999811,2020-04-18 05:50:23,"MICP010406","SLOUYEH","IRM001B_CL","Iron","MG_P_KG",89.403616017,"T","MICP01-20-0289",89.403616017,0.939679758308018
"359",13999811,2020-04-18 05:50:23,"MICP010406","SLOUYEH","IRM001B_CL","Zinc","MG_P_KG",NA,"T","MICP01-20-0289",40.5761739,3.82262966857422
"360",13999811,2020-04-18 05:50:23,"MICP010406","SLOUYEH","IRM001B_CL","Copper","MG_P_KG",0.2971414019,"T","MICP01-20-0289",0.2971414019,1.11506016786692
"361",13999811,2020-04-18 05:50:23,"MICP010406","SLOUYEH","IRM001B_CL","Manganese","MG_P_KG",0.5211626121,"T","MICP01-20-0289",0.5211626121,0.761152102081514
"362",13999811,2020-04-18 05:50:23,"MICP010406","SLOUYEH","IRM001B_CL","Calcium","PCT_M-M",0.7328087201,"T","MICP01-20-0289",0.7328087201,2.27191782859711
"363",13999811,2020-04-18 05:50:23,"MICP010406","SLOUYEH","IRM001B_CL","Magnesium","PCT_M-M",NA,"T","MICP01-20-0289",0.07149904995,2.85231637036272
"364",13999811,2020-04-18 05:50:23,"MICP010406","SLOUYEH","IRM001B_CL","Sodium","PCT_M-M",0.1917252779,"T","MICP01-20-0289",0.1917252779,2.43917017045678
"365",13999811,2020-04-18 05:50:23,"MICP010406","SLOUYEH","IRM001B_CL","Potassium","PCT_M-M",NA,"T","MICP01-20-0289",0.7331563905,3.05572345266848
"366",13999811,2020-04-18 05:50:23,"MICP010406","SLOUYEH","IRM001B_CL","Phosphorus","PCT_M-M",0.4736381914,"T","MICP01-20-0289",0.4736381914,0.324269179971577
"367",14000149,2020-04-18 08:27:57,"MICP010406","SLOUYEH","IRM001B_CL","Manganese","MG_P_KG",0.5058895494,"T","MICP01-20-0290",0.5058895494,0.01697904004243
"368",14000149,2020-04-18 08:27:57,"MICP010406","SLOUYEH","IRM001B_CL","Calcium","PCT_M-M",0.6954295237,"T","MICP01-20-0290",0.6954295237,-0.180676286054678
"369",14000149,2020-04-18 08:27:57,"MICP010406","SLOUYEH","IRM001B_CL","Magnesium","PCT_M-M",0.06789986811,"T","MICP01-20-0290",0.06789986811,0.226982992217243
"370",14000149,2020-04-18 08:27:57,"MICP010406","SLOUYEH","IRM001B_CL","Sodium","PCT_M-M",0.18179805,"T","MICP01-20-0290",0.18179805,0.515427770343352
"371",14000149,2020-04-18 08:27:57,"MICP010406","SLOUYEH","IRM001B_CL","Potassium","PCT_M-M",0.6953252415,"T","MICP01-20-0290",0.6953252415,0.671567268225973
"372",14000149,2020-04-18 08:27:57,"MICP010406","SLOUYEH","IRM001B_CL","Phosphorus","PCT_M-M",0.4491057341,"T","MICP01-20-0290",0.4491057341,-0.661898720377177
"373",14002333,2020-04-20 05:51:26,"MICP010406",NA,"IRM001B_CL","Iron","MG_P_KG",88.476737093,"T","MICP01-20-0292",88.476737093,0.473079827666462
"374",14002333,2020-04-20 05:51:26,"MICP010406",NA,"IRM001B_CL","Manganese","MG_P_KG",0.5142649493,"T","MICP01-20-0292",0.5142649493,0.425066606486116
"375",14002333,2020-04-20 05:51:26,"MICP010406",NA,"IRM001B_CL","Calcium","PCT_M-M",0.6872217955,"T","MICP01-20-0292",0.6872217955,-0.719217180903387
"376",14002333,2020-04-20 05:51:26,"MICP010406",NA,"IRM001B_CL","Magnesium","PCT_M-M",0.06767711378,"T","MICP01-20-0292",0.06767711378,0.0645004048758353
"377",14002333,2020-04-20 05:51:26,"MICP010406",NA,"IRM001B_CL","Sodium","PCT_M-M",0.1804412049,"T","MICP01-20-0292",0.1804412049,0.252492288701382
"378",14002333,2020-04-20 05:51:26,"MICP010406",NA,"IRM001B_CL","Potassium","PCT_M-M",0.6878912591,"T","MICP01-20-0292",0.6878912591,0.203070392437279
"379",14002333,2020-04-20 05:51:26,"MICP010406",NA,"IRM001B_CL","Phosphorus","PCT_M-M",0.4722509627,"T","MICP01-20-0292",0.4722509627,0.268504671848595
"380",14002845,2020-04-20 09:43:37,"MICP010406","YYU","IRM001B_CL","Iron","MG_P_KG",90.9106297,"T","MICP01-20-0293",90.9106297,1.69832521000206
"381",14002845,2020-04-20 09:43:37,"MICP010406","YYU","IRM001B_CL","Calcium","PCT_M-M",0.6884590883,"T","MICP01-20-0293",0.6884590883,-0.638033599348884
"382",14002845,2020-04-20 09:43:37,"MICP010406","YYU","IRM001B_CL","Sodium","PCT_M-M",0.1825247347,"T","MICP01-20-0293",0.1825247347,0.656247965365139
"383",14006727,2020-04-21 05:52:47,"MICP010406","YYU","IRM001B_CL","Iron","MG_P_KG",89.326928821,"T","MICP01-20-0294",89.326928821,0.901074672564695
"384",14006727,2020-04-21 05:52:47,"MICP010406","YYU","IRM001B_CL","Zinc","MG_P_KG",39.385713353,"T","MICP01-20-0294",39.385713353,2.248626129882
"385",14006727,2020-04-21 05:52:47,"MICP010406","YYU","IRM001B_CL","Copper","MG_P_KG",0.2415400324,"T","MICP01-20-0294",0.2415400324,0.0947014096946598
"386",14006727,2020-04-21 05:52:47,"MICP010406","YYU","IRM001B_CL","Manganese","MG_P_KG",0.5131196995,"T","MICP01-20-0294",0.5131196995,0.369264828728363
"387",14006727,2020-04-21 05:52:47,"MICP010406","YYU","IRM001B_CL","Calcium","PCT_M-M",0.6883670299,"T","MICP01-20-0294",0.6883670299,-0.644073908178111
"388",14006727,2020-04-21 05:52:47,"MICP010406","YYU","IRM001B_CL","Magnesium","PCT_M-M",0.06823386757,"T","MICP01-20-0294",0.06823386757,0.470610563593452
"389",14006727,2020-04-21 05:52:47,"MICP010406","YYU","IRM001B_CL","Sodium","PCT_M-M",0.1847218397,"T","MICP01-20-0294",0.1847218397,1.08201274971155
"390",14006727,2020-04-21 05:52:47,"MICP010406","YYU","IRM001B_CL","Potassium","PCT_M-M",0.7005354937,"T","MICP01-20-0294",0.7005354937,0.999922481680771
"391",14006727,2020-04-21 05:52:47,"MICP010406","YYU","IRM001B_CL","Phosphorus","PCT_M-M",0.4903742664,"T","MICP01-20-0294",0.4903742664,0.997034233264025
"392",14007562,2020-04-21 09:20:02,"MICP010406","YYU","IRM001B_CL","Iron","MG_P_KG",89.79630431,"T","MICP01-20-0295",89.79630431,1.1373628920304
"393",14007562,2020-04-21 09:20:02,"MICP010406","YYU","IRM001B_CL","Zinc","MG_P_KG",38.420030458,"T","MICP01-20-0295",38.420030458,0.971819185027779
"394",14007562,2020-04-21 09:20:02,"MICP010406","YYU","IRM001B_CL","Calcium","PCT_M-M",0.690478423,"T","MICP01-20-0295",0.690478423,-0.505537214254527
"395",14007562,2020-04-21 09:20:02,"MICP010406","YYU","IRM001B_CL","Sodium","PCT_M-M",0.1826790382,"T","MICP01-20-0295",0.1826790382,0.686149584268833
"396",14007890,2020-04-21 10:29:31,"MICP010406","GVEMULA","IRM001B_CL","Iron","MG_P_KG",86.66106733,"T","MICP01-20-0297",86.66106733,-0.440946118492353
"397",14007890,2020-04-21 10:29:31,"MICP010406","GVEMULA","IRM001B_CL","Zinc","MG_P_KG",39.468228156,"T","MICP01-20-0297",39.468228156,2.35772558071537
"398",14007890,2020-04-21 10:29:31,"MICP010406","GVEMULA","IRM001B_CL","Copper","MG_P_KG",NA,"T","MICP01-20-0297",0.5921360494,6.52860258412995
"399",14007890,2020-04-21 10:29:31,"MICP010406","GVEMULA","IRM001B_CL","Manganese","MG_P_KG",0.5026981005,"T","MICP01-20-0297",0.5026981005,-0.138522862025598
"400",14007890,2020-04-21 10:29:31,"MICP010406","GVEMULA","IRM001B_CL","Calcium","PCT_M-M",0.6999552779,"T","MICP01-20-0297",0.6999552779,0.116276007849657
"401",14007890,2020-04-21 10:29:31,"MICP010406","GVEMULA","IRM001B_CL","Magnesium","PCT_M-M",0.068667154,"T","MICP01-20-0297",0.068667154,0.786660537599902
"402",14007890,2020-04-21 10:29:31,"MICP010406","GVEMULA","IRM001B_CL","Sodium","PCT_M-M",0.184391841,"T","MICP01-20-0297",0.184391841,1.0180641330819
"403",14007890,2020-04-21 10:29:31,"MICP010406","GVEMULA","IRM001B_CL","Potassium","PCT_M-M",0.7019979901,"T","MICP01-20-0297",0.7019979901,1.09209044191864
"404",14007890,2020-04-21 10:29:31,"MICP010406","GVEMULA","IRM001B_CL","Phosphorus","PCT_M-M",0.4762063291,"T","MICP01-20-0297",0.4762063291,0.42750445446711
"405",14012481,2020-04-22 06:04:52,"MICP010406","YYU","IRM001B_CL","Iron","MG_P_KG",87.301658865,"T","MICP01-20-0298",87.301658865,-0.118466064128139
"406",14012481,2020-04-22 06:04:52,"MICP010406","YYU","IRM001B_CL","Zinc","MG_P_KG",37.615962174,"T","MICP01-20-0298",37.615962174,-0.0913040974325647
"407",14012481,2020-04-22 06:04:52,"MICP010406","YYU","IRM001B_CL","Copper","MG_P_KG",0.2697953448,"T","MICP01-20-0298",0.2697953448,0.613223808180425
"408",14012481,2020-04-22 06:04:52,"MICP010406","YYU","IRM001B_CL","Manganese","MG_P_KG",0.4974421285,"T","MICP01-20-0298",0.4974421285,-0.394617717003941
"409",14012481,2020-04-22 06:04:52,"MICP010406","YYU","IRM001B_CL","Calcium","PCT_M-M",0.6837085042,"T","MICP01-20-0298",0.6837085042,-0.949737855377741
"410",14012481,2020-04-22 06:04:52,"MICP010406","YYU","IRM001B_CL","Magnesium","PCT_M-M",0.0654252375,"T","MICP01-20-0298",0.0654252375,-1.57807455358697
"411",14012481,2020-04-22 06:04:52,"MICP010406","YYU","IRM001B_CL","Sodium","PCT_M-M",0.1760468204,"T","MICP01-20-0298",0.1760468204,-0.599071095378002
"412",14012481,2020-04-22 06:04:52,"MICP010406","YYU","IRM001B_CL","Potassium","PCT_M-M",0.6599288442,"T","MICP01-20-0298",0.6599288442,-1.55914847159411
"413",14012481,2020-04-22 06:04:52,"MICP010406","YYU","IRM001B_CL","Phosphorus","PCT_M-M",0.4734816903,"T","MICP01-20-0298",0.4734816903,0.317978071041804
"414",14016051,2020-04-22 14:43:53,"MICP010406","APOWERS","IRM001B_CL","Iron","MG_P_KG",85.332092385,"T","MICP01-20-0299",85.332092385,-1.10996512529562
"415",14016051,2020-04-22 14:43:53,"MICP010406","APOWERS","IRM001B_CL","Zinc","MG_P_KG",37.855541501,"T","MICP01-20-0299",37.855541501,0.225462980187767
"416",14016051,2020-04-22 14:43:53,"MICP010406","APOWERS","IRM001B_CL","Copper","MG_P_KG",0.3275841614,"T","MICP01-20-0299",0.3275841614,1.67372511727535
"417",14016051,2020-04-22 14:43:53,"MICP010406","APOWERS","IRM001B_CL","Manganese","MG_P_KG",0.5030681746,"T","MICP01-20-0299",0.5030681746,-0.120491169130213
"418",14016051,2020-04-22 14:43:53,"MICP010406","APOWERS","IRM001B_CL","Calcium","PCT_M-M",0.7021321192,"T","MICP01-20-0299",0.7021321192,0.259107012127503
"419",14016051,2020-04-22 14:43:53,"MICP010406","APOWERS","IRM001B_CL","Magnesium","PCT_M-M",0.066830159,"T","MICP01-20-0299",0.066830159,-0.553289624236411
"420",14016051,2020-04-22 14:43:53,"MICP010406","APOWERS","IRM001B_CL","Sodium","PCT_M-M",0.1807205388,"T","MICP01-20-0299",0.1807205388,0.306622854921083
"421",14016051,2020-04-22 14:43:53,"MICP010406","APOWERS","IRM001B_CL","Potassium","PCT_M-M",0.6771019608,"T","MICP01-20-0299",0.6771019608,-0.476881788442561
"422",14016051,2020-04-22 14:43:53,"MICP010406","APOWERS","IRM001B_CL","Phosphorus","PCT_M-M",0.4711571342,"T","MICP01-20-0299",0.4711571342,0.224534410655615
"423",14016957,2020-04-22 16:31:30,"MICP010406","TCACOPARDO","IRM001B_CL","Iron","MG_P_KG",87.320866176,"T","MICP01-20-0301",87.320866176,-0.108796915603609
"424",14016957,2020-04-22 16:31:30,"MICP010406","TCACOPARDO","IRM001B_CL","Zinc","MG_P_KG",37.720986231,"T","MICP01-20-0301",37.720986231,0.047556646657096
"425",14016957,2020-04-22 16:31:30,"MICP010406","TCACOPARDO","IRM001B_CL","Copper","MG_P_KG",0.2068967402,"T","MICP01-20-0301",0.2068967402,-0.541048877142983
"426",14016957,2020-04-22 16:31:30,"MICP010406","TCACOPARDO","IRM001B_CL","Calcium","PCT_M-M",0.6974385927,"T","MICP01-20-0301",0.6974385927,-0.0488534733703129
"427",14016957,2020-04-22 16:31:30,"MICP010406","TCACOPARDO","IRM001B_CL","Magnesium","PCT_M-M",0.06655115598,"T","MICP01-20-0301",0.06655115598,-0.756801414851967
"428",14016957,2020-04-22 16:31:30,"MICP010406","TCACOPARDO","IRM001B_CL","Sodium","PCT_M-M",0.178895393,"T","MICP01-20-0301",0.178895393,-0.0470620203751622
"429",14016957,2020-04-22 16:31:30,"MICP010406","TCACOPARDO","IRM001B_CL","Potassium","PCT_M-M",0.6707876931,"T","MICP01-20-0301",0.6707876931,-0.874813143558964
"430",14016957,2020-04-22 16:31:30,"MICP010406","TCACOPARDO","IRM001B_CL","Phosphorus","PCT_M-M",0.4457967732,"T","MICP01-20-0301",0.4457967732,-0.794913973728463
"431",14017622,2020-04-22 18:35:24,"MICP010406","APOWERS","IRM001B_CL","Iron","MG_P_KG",89.549158188,"T","MICP01-20-0300",89.549158188,1.0129471130138
"432",14017622,2020-04-22 18:35:24,"MICP010406","APOWERS","IRM001B_CL","Zinc","MG_P_KG",37.764094165,"T","MICP01-20-0300",37.764094165,0.104553109776104
"433",14017622,2020-04-22 18:35:24,"MICP010406","APOWERS","IRM001B_CL","Copper","MG_P_KG",0.1882791114,"T","MICP01-20-0300",0.1882791114,-0.882707019259071
"434",14017622,2020-04-22 18:35:24,"MICP010406","APOWERS","IRM001B_CL","Calcium","PCT_M-M",0.6993391772,"T","MICP01-20-0300",0.6993391772,0.0758512503272413
"435",14017622,2020-04-22 18:35:24,"MICP010406","APOWERS","IRM001B_CL","Magnesium","PCT_M-M",0.06683215158,"T","MICP01-20-0300",0.06683215158,-0.551836186478839
"436",14017622,2020-04-22 18:35:24,"MICP010406","APOWERS","IRM001B_CL","Sodium","PCT_M-M",0.1814287102,"T","MICP01-20-0300",0.1814287102,0.443855460281912
"437",14017622,2020-04-22 18:35:24,"MICP010406","APOWERS","IRM001B_CL","Phosphorus","PCT_M-M",0.4357807345,"T","MICP01-20-0300",0.4357807345,-1.1975436709415
"438",14018382,2020-04-23 05:55:02,"MICP010406","YYU","IRM001B_CL","Iron","MG_P_KG",85.911873802,"T","MICP01-20-0302",85.911873802,-0.818097480067488
"439",14018382,2020-04-23 05:55:02,"MICP010406","YYU","IRM001B_CL","Zinc","MG_P_KG",37.205301183,"T","MICP01-20-0302",37.205301183,-0.63427198886396
"440",14018382,2020-04-23 05:55:02,"MICP010406","YYU","IRM001B_CL","Copper","MG_P_KG",0.3240553195,"T","MICP01-20-0302",0.3240553195,1.6089661954853
"441",14018382,2020-04-23 05:55:02,"MICP010406","YYU","IRM001B_CL","Manganese","MG_P_KG",0.50045779,"T","MICP01-20-0302",0.50045779,-0.247680976377036
"442",14018382,2020-04-23 05:55:02,"MICP010406","YYU","IRM001B_CL","Calcium","PCT_M-M",0.7078217138,"T","MICP01-20-0302",0.7078217138,0.632423390612161
"443",14018382,2020-04-23 05:55:02,"MICP010406","YYU","IRM001B_CL","Magnesium","PCT_M-M",0.06833820988,"T","MICP01-20-0302",0.06833820988,0.546720457834254
"444",14018382,2020-04-23 05:55:02,"MICP010406","YYU","IRM001B_CL","Sodium","PCT_M-M",0.1805990777,"T","MICP01-20-0302",0.1805990777,0.283085582442992
"445",14018382,2020-04-23 05:55:02,"MICP010406","YYU","IRM001B_CL","Potassium","PCT_M-M",0.6892394376,"T","MICP01-20-0302",0.6892394376,0.288033926283613
"446",14018382,2020-04-23 05:55:02,"MICP010406","YYU","IRM001B_CL","Phosphorus","PCT_M-M",0.4251047771,"T","MICP01-20-0302",0.4251047771,-1.62670110774547
"447",14018507,2020-04-23 07:00:51,"MICP010406","SLOUYEH","IRM001B_CL","Iron","MG_P_KG",84.701350925,"T","MICP01-20-0303",84.701350925,-1.42748655540719
"448",14018507,2020-04-23 07:00:51,"MICP010406","SLOUYEH","IRM001B_CL","Zinc","MG_P_KG",37.271311887,"T","MICP01-20-0303",37.271311887,-0.546993933367371
"449",14018507,2020-04-23 07:00:51,"MICP010406","SLOUYEH","IRM001B_CL","Copper","MG_P_KG",0.3646510574,"T","MICP01-20-0303",0.3646510574,2.35395174320154
"450",14018507,2020-04-23 07:00:51,"MICP010406","SLOUYEH","IRM001B_CL","Manganese","MG_P_KG",0.5141349363,"T","MICP01-20-0303",0.5141349363,0.418731781951223
"451",14018507,2020-04-23 07:00:51,"MICP010406","SLOUYEH","IRM001B_CL","Calcium","PCT_M-M",0.7049536911,"T","MICP01-20-0303",0.7049536911,0.444241292756576
"452",14018507,2020-04-23 07:00:51,"MICP010406","SLOUYEH","IRM001B_CL","Magnesium","PCT_M-M",0.06875364486,"T","MICP01-20-0303",0.06875364486,0.849749137108543
"453",14018507,2020-04-23 07:00:51,"MICP010406","SLOUYEH","IRM001B_CL","Sodium","PCT_M-M",0.1827543408,"T","MICP01-20-0303",0.1827543408,0.700742057204683
"454",14018507,2020-04-23 07:00:51,"MICP010406","SLOUYEH","IRM001B_CL","Potassium","PCT_M-M",0.6945236635,"T","MICP01-20-0303",0.6945236635,0.621051035002053
"455",14018507,2020-04-23 07:00:51,"MICP010406","SLOUYEH","IRM001B_CL","Phosphorus","PCT_M-M",0.4491771554,"T","MICP01-20-0303",0.4491771554,-0.659027691494912
"456",14019327,2020-04-23 09:34:37,"MICP010406","SLOUYEH","IRM001B_CL","Iron","MG_P_KG",85.052293891,"T","MICP01-20-0304",85.052293891,-1.25081842826058
"457",14019327,2020-04-23 09:34:37,"MICP010406","SLOUYEH","IRM001B_CL","Zinc","MG_P_KG",37.453102944,"T","MICP01-20-0304",37.453102944,-0.306633370607288
"458",14019327,2020-04-23 09:34:37,"MICP010406","SLOUYEH","IRM001B_CL","Calcium","PCT_M-M",0.7028138398,"T","MICP01-20-0304",0.7028138398,0.303837345907418
"459",14019327,2020-04-23 09:34:37,"MICP010406","SLOUYEH","IRM001B_CL","Magnesium","PCT_M-M",0.06774599095,"T","MICP01-20-0304",0.06774599095,0.114741137751168
"460",14019327,2020-04-23 09:34:37,"MICP010406","SLOUYEH","IRM001B_CL","Sodium","PCT_M-M",0.1785838759,"T","MICP01-20-0304",0.1785838759,-0.107429190310932
"461",14019327,2020-04-23 09:34:37,"MICP010406","SLOUYEH","IRM001B_CL","Potassium","PCT_M-M",0.6818831818,"T","MICP01-20-0304",0.6818831818,-0.17556454279569
"462",14019327,2020-04-23 09:34:37,"MICP010406","SLOUYEH","IRM001B_CL","Phosphorus","PCT_M-M",0.435189797,"T","MICP01-20-0304",0.435189797,-1.22129847000162
"463",14019327,2020-04-23 09:34:37,"MICP010406","SLOUYEH","IRM001B_CL","Sulphur","PCT_M-M",0.19519965,"T","MICP01-20-0304",0.19519965,-1.37858540241744
"464",14019888,2020-04-23 10:58:16,"MICP010406","YYU","IRM001B_CL","Potassium","PCT_M-M",0.6914172064,"T","MICP01-20-0306",0.6914172064,0.425279056025936
"465",14019888,2020-04-23 10:58:16,"MICP010406","YYU","IRM001B_CL","Phosphorus","PCT_M-M",0.4541916105,"T","MICP01-20-0306",0.4541916105,-0.457454135414166
"466",14022569,2020-04-23 16:25:23,"MICP010406","TCACOPARDO","IRM001B_CL","Iron","MG_P_KG",85.993636983,"T","MICP01-20-0310",85.993636983,-0.776937093747568
"467",14022569,2020-04-23 16:25:23,"MICP010406","TCACOPARDO","IRM001B_CL","Manganese","MG_P_KG",NA,"T","MICP01-20-0310",0,-24.6322601089967
"468",14022569,2020-04-23 16:25:23,"MICP010406","TCACOPARDO","IRM001B_CL","Calcium","PCT_M-M",0.6944282355,"T","MICP01-20-0310",0.6944282355,-0.246374690057561
"469",14022569,2020-04-23 16:25:23,"MICP010406","TCACOPARDO","IRM001B_CL","Magnesium","PCT_M-M",0.06674650414,"T","MICP01-20-0310",0.06674650414,-0.614309574315426
"470",14022569,2020-04-23 16:25:23,"MICP010406","TCACOPARDO","IRM001B_CL","Sodium","PCT_M-M",0.1770899413,"T","MICP01-20-0310",0.1770899413,-0.396930485331719
"471",14022569,2020-04-23 16:25:23,"MICP010406","TCACOPARDO","IRM001B_CL","Potassium","PCT_M-M",0.6612988238,"T","MICP01-20-0310",0.6612988238,-1.4728110110031
"472",14022569,2020-04-23 16:25:23,"MICP010406","TCACOPARDO","IRM001B_CL","Phosphorus","PCT_M-M",0.4473493216,"T","MICP01-20-0310",0.4473493216,-0.732503862213958
"473",14023904,2020-04-24 05:39:50,"MICP010406","SLOUYEH","IRM001B_CL","Iron","MG_P_KG",82.881588352,"T","MICP01-20-0308",82.881588352,-2.34357286221579
"474",14023904,2020-04-24 05:39:50,"MICP010406","SLOUYEH","IRM001B_CL","Zinc","MG_P_KG",38.412010075,"T","MICP01-20-0308",38.412010075,0.961214792252661
"475",14023904,2020-04-24 05:39:50,"MICP010406","SLOUYEH","IRM001B_CL","Copper","MG_P_KG",0.2565059762,"T","MICP01-20-0308",0.2565059762,0.369346296465728
"476",14023904,2020-04-24 05:39:50,"MICP010406","SLOUYEH","IRM001B_CL","Manganese","MG_P_KG",0.4952404511,"T","MICP01-20-0308",0.4952404511,-0.501893451056959
"477",14023904,2020-04-24 05:39:50,"MICP010406","SLOUYEH","IRM001B_CL","Calcium","PCT_M-M",0.6971947211,"T","MICP01-20-0308",0.6971947211,-0.0648548353174783
"478",14023904,2020-04-24 05:39:50,"MICP010406","SLOUYEH","IRM001B_CL","Magnesium","PCT_M-M",0.06784932826,"T","MICP01-20-0308",0.06784932826,0.190117959821026
"479",14023904,2020-04-24 05:39:50,"MICP010406","SLOUYEH","IRM001B_CL","Sodium","PCT_M-M",0.1816289066,"T","MICP01-20-0308",0.1816289066,0.482650409577884
"480",14023904,2020-04-24 05:39:50,"MICP010406","SLOUYEH","IRM001B_CL","Potassium","PCT_M-M",0.6916225759,"T","MICP01-20-0308",0.6916225759,0.438221643720556
"481",14023904,2020-04-24 05:39:50,"MICP010406","SLOUYEH","IRM001B_CL","Phosphorus","PCT_M-M",0.4613936779,"T","MICP01-20-0308",0.4613936779,-0.167941853820254
"482",14023939,2020-04-24 06:02:01,"MICP010406","YYU","IRM001B_CL","Iron","MG_P_KG",85.928755456,"T","MICP01-20-0307",85.928755456,-0.809599090060386
"483",14023939,2020-04-24 06:02:01,"MICP010406","YYU","IRM001B_CL","Zinc","MG_P_KG",38.308635346,"T","MICP01-20-0307",38.308635346,0.82453475722976
"484",14023939,2020-04-24 06:02:01,"MICP010406","YYU","IRM001B_CL","Copper","MG_P_KG",NA,"T","MICP01-20-0307",0.4578756234,4.06474597813325
"485",14023939,2020-04-24 06:02:01,"MICP010406","YYU","IRM001B_CL","Manganese","MG_P_KG",NA,"T","MICP01-20-0307",0.760221255,12.4091761944464
"486",14023939,2020-04-24 06:02:01,"MICP010406","YYU","IRM001B_CL","Calcium","PCT_M-M",0.7137566285,"T","MICP01-20-0307",0.7137566285,1.02183617274945
"487",14023939,2020-04-24 06:02:01,"MICP010406","YYU","IRM001B_CL","Magnesium","PCT_M-M",0.06879742385,"T","MICP01-20-0307",0.06879742385,0.881682628890242
"488",14023939,2020-04-24 06:02:01,"MICP010406","YYU","IRM001B_CL","Sodium","PCT_M-M",0.1810977435,"T","MICP01-20-0307",0.1810977435,0.379719260304509
"489",14023939,2020-04-24 06:02:01,"MICP010406","YYU","IRM001B_CL","Potassium","PCT_M-M",0.6919218386,"T","MICP01-20-0307",0.6919218386,0.457081473142549
"490",14023939,2020-04-24 06:02:01,"MICP010406","YYU","IRM001B_CL","Phosphorus","PCT_M-M",0.437404568,"T","MICP01-20-0307",0.437404568,-1.13226800557997
"491",14024994,2020-04-24 09:37:20,"MICP010406","YYU","IRM001B_CL","Iron","MG_P_KG",84.106617452,"T","MICP01-20-0309",84.106617452,-1.72688121210564
"492",14024994,2020-04-24 09:37:20,"MICP010406","YYU","IRM001B_CL","Zinc","MG_P_KG",35.650227391,"T","MICP01-20-0309",35.650227391,-2.69035999421936
"493",14024994,2020-04-24 09:37:20,"MICP010406","YYU","IRM001B_CL","Copper","MG_P_KG",0.1348112724,"T","MICP01-20-0309",0.1348112724,-1.86391266751553
"494",14024994,2020-04-24 09:37:20,"MICP010406","YYU","IRM001B_CL","Manganese","MG_P_KG",NA,"T","MICP01-20-0309",0.1785993754,-15.9300864402089
"495",14024994,2020-04-24 09:37:20,"MICP010406","YYU","IRM001B_CL","Calcium","PCT_M-M",0.6791570681,"T","MICP01-20-0309",0.6791570681,-1.24837523839204
"496",14024994,2020-04-24 09:37:20,"MICP010406","YYU","IRM001B_CL","Magnesium","PCT_M-M",0.06541278148,"T","MICP01-20-0309",0.06541278148,-1.58716028654478
"497",14024994,2020-04-24 09:37:20,"MICP010406","YYU","IRM001B_CL","Sodium","PCT_M-M",0.1741297032,"T","MICP01-20-0309",0.1741297032,-0.970578597852756
"498",14024994,2020-04-24 09:37:20,"MICP010406","YYU","IRM001B_CL","Potassium","PCT_M-M",0.6605830594,"T","MICP01-20-0309",0.6605830594,-1.51791918683102
"499",14024994,2020-04-24 09:37:20,"MICP010406","YYU","IRM001B_CL","Phosphorus","PCT_M-M",0.5012110468,"T","MICP01-20-0309",0.5012110468,1.43265651288004
"500",14031824,2020-04-27 05:45:06,"MICP010406","YYU","IRM001B_CL","Iron","MG_P_KG",86.81185799,"T","MICP01-20-0311",86.81185799,-0.365036623006411
"501",14031824,2020-04-27 05:45:06,"MICP010406","YYU","IRM001B_CL","Zinc","MG_P_KG",37.090744771,"T","MICP01-20-0311",37.090744771,-0.78573622539182
"502",14031824,2020-04-27 05:45:06,"MICP010406","YYU","IRM001B_CL","Copper","MG_P_KG",0.1998918352,"T","MICP01-20-0311",0.1998918352,-0.669598159852911
"503",14031824,2020-04-27 05:45:06,"MICP010406","YYU","IRM001B_CL","Manganese","MG_P_KG",0.4807641271,"T","MICP01-20-0311",0.4807641271,-1.20724578082575
"504",14031824,2020-04-27 05:45:06,"MICP010406","YYU","IRM001B_CL","Calcium","PCT_M-M",0.6952932235,"T","MICP01-20-0311",0.6952932235,-0.189619471049042
"505",14031824,2020-04-27 05:45:06,"MICP010406","YYU","IRM001B_CL","Magnesium","PCT_M-M",0.06754721355,"T","MICP01-20-0311",0.06754721355,-0.0302520763291134
"506",14031824,2020-04-27 05:45:06,"MICP010406","YYU","IRM001B_CL","Sodium","PCT_M-M",0.180589971,"T","MICP01-20-0311",0.180589971,0.28132084559081
"507",14031824,2020-04-27 05:45:06,"MICP010406","YYU","IRM001B_CL","Potassium","PCT_M-M",0.6701263969,"T","MICP01-20-0311",0.6701263969,-0.916488679900149
"508",14031824,2020-04-27 05:45:06,"MICP010406","YYU","IRM001B_CL","Phosphorus","PCT_M-M",0.4739099827,"T","MICP01-20-0311",0.4739099827,0.335194781609292
"509",14031843,2020-04-27 05:54:51,"MICP010406","SLOUYEH","IRM001B_CL","Iron","MG_P_KG",87.208654665,"T","MICP01-20-0312",87.208654665,-0.165285289536884
"510",14031843,2020-04-27 05:54:51,"MICP010406","SLOUYEH","IRM001B_CL","Zinc","MG_P_KG",37.164196431,"T","MICP01-20-0312",37.164196431,-0.688619884111823
"511",14031843,2020-04-27 05:54:51,"MICP010406","SLOUYEH","IRM001B_CL","Copper","MG_P_KG",0.2310181513,"T","MICP01-20-0312",0.2310181513,-0.0983890416625171
"512",14031843,2020-04-27 05:54:51,"MICP010406","SLOUYEH","IRM001B_CL","Manganese","MG_P_KG",0.4770448028,"T","MICP01-20-0312",0.4770448028,-1.38846817265469
"513",14031843,2020-04-27 05:54:51,"MICP010406","SLOUYEH","IRM001B_CL","Calcium","PCT_M-M",0.7217761516,"T","MICP01-20-0312",0.7217761516,1.54802820071328
"514",14031843,2020-04-27 05:54:51,"MICP010406","SLOUYEH","IRM001B_CL","Magnesium","PCT_M-M",0.069201182,"T","MICP01-20-0312",0.069201182,1.17619393590808
"515",14031843,2020-04-27 05:54:51,"MICP010406","SLOUYEH","IRM001B_CL","Sodium","PCT_M-M",0.1832049495,"T","MICP01-20-0312",0.1832049495,0.788063016366906
"516",14031843,2020-04-27 05:54:51,"MICP010406","SLOUYEH","IRM001B_CL","Potassium","PCT_M-M",0.6874758054,"T","MICP01-20-0312",0.6874758054,0.176888092021168
"517",14031843,2020-04-27 05:54:51,"MICP010406","SLOUYEH","IRM001B_CL","Phosphorus","PCT_M-M",0.4502386914,"T","MICP01-20-0312",0.4502386914,-0.616355540252053
"518",14031901,2020-04-27 06:38:00,"MICP010406","SLOUYEH","IRM001B_CL","Iron","MG_P_KG",87.774243679,"T","MICP01-20-0313",87.774243679,0.119437760983167
"519",14031901,2020-04-27 06:38:00,"MICP010406","SLOUYEH","IRM001B_CL","Zinc","MG_P_KG",37.74322562,"T","MICP01-20-0313",37.74322562,0.0769611297141491
"520",14031901,2020-04-27 06:38:00,"MICP010406","SLOUYEH","IRM001B_CL","Copper","MG_P_KG",0.330555484,"T","MICP01-20-0313",0.330555484,1.72825282163819
"521",14031901,2020-04-27 06:38:00,"MICP010406","SLOUYEH","IRM001B_CL","Calcium","PCT_M-M",0.7048606624,"T","MICP01-20-0313",0.7048606624,0.438137318779394
"522",14031901,2020-04-27 06:38:00,"MICP010406","SLOUYEH","IRM001B_CL","Magnesium","PCT_M-M",0.06913685725,"T","MICP01-20-0313",0.06913685725,1.12927385219932
"523",14031901,2020-04-27 06:38:00,"MICP010406","SLOUYEH","IRM001B_CL","Sodium","PCT_M-M",0.1840438595,"T","MICP01-20-0313",0.1840438595,0.950630729442089
"524",14031901,2020-04-27 06:38:00,"MICP010406","SLOUYEH","IRM001B_CL","Potassium","PCT_M-M",0.6888108597,"T","MICP01-20-0313",0.6888108597,0.261024525887123
"525",14031901,2020-04-27 06:38:00,"MICP010406","SLOUYEH","IRM001B_CL","Phosphorus","PCT_M-M",0.4205942,"T","MICP01-20-0313",0.4205942,-1.80801952577725
"526",14035973,2020-04-28 05:39:02,"MICP010406","YYU","IRM001B_CL","Iron","MG_P_KG",90.849724886,"T","MICP01-20-0316",90.849724886,1.66766512997187
"527",14035973,2020-04-28 05:39:02,"MICP010406","YYU","IRM001B_CL","Zinc","MG_P_KG",37.954504133,"T","MICP01-20-0316",37.954504133,0.356309427269814
"528",14035973,2020-04-28 05:39:02,"MICP010406","YYU","IRM001B_CL","Copper","MG_P_KG",0.1746178802,"T","MICP01-20-0316",0.1746178802,-1.13340870210766
"529",14035973,2020-04-28 05:39:02,"MICP010406","YYU","IRM001B_CL","Manganese","MG_P_KG",0.5248729221,"T","MICP01-20-0316",0.5248729221,0.94193527622603
"530",14035973,2020-04-28 05:39:02,"MICP010406","YYU","IRM001B_CL","Calcium","PCT_M-M",0.7225449808,"T","MICP01-20-0316",0.7225449808,1.59847406773819
"531",14035973,2020-04-28 05:39:02,"MICP010406","YYU","IRM001B_CL","Magnesium","PCT_M-M",0.07075055638,"T","MICP01-20-0316",0.07075055638,2.30634641385497
"532",14035973,2020-04-28 05:39:02,"MICP010406","YYU","IRM001B_CL","Sodium","PCT_M-M",0.1878256587,"T","MICP01-20-0316",0.1878256587,1.68348460799111
"533",14035973,2020-04-28 05:39:02,"MICP010406","YYU","IRM001B_CL","Potassium","PCT_M-M",0.7036177664,"T","MICP01-20-0316",0.7036177664,1.19417033600429
"534",14035973,2020-04-28 05:39:02,"MICP010406","YYU","IRM001B_CL","Phosphorus","PCT_M-M",0.4628931742,"T","MICP01-20-0316",0.4628931742,-0.107664356965029
"535",14036563,2020-04-28 08:39:54,"MICP010406","TCACOPARDO","IRM001B_CL","Iron","MG_P_KG",87.599761186,"T","MICP01-20-0319",87.599761186,0.0316015646646448
"536",14036563,2020-04-28 08:39:54,"MICP010406","TCACOPARDO","IRM001B_CL","Zinc","MG_P_KG",37.701663842,"T","MICP01-20-0319",37.701663842,0.022008963671193
"537",14036563,2020-04-28 08:39:54,"MICP010406","TCACOPARDO","IRM001B_CL","Copper","MG_P_KG",0.2527089372,"T","MICP01-20-0319",0.2527089372,0.299665602741599
"538",14036563,2020-04-28 08:39:54,"MICP010406","TCACOPARDO","IRM001B_CL","Manganese","MG_P_KG",0.5437727449,"T","MICP01-20-0319",0.5437727449,1.86282058137652
"539",14036563,2020-04-28 08:39:54,"MICP010406","TCACOPARDO","IRM001B_CL","Calcium","PCT_M-M",0.7083598136,"T","MICP01-20-0319",0.7083598136,0.667730206426297
"540",14036563,2020-04-28 08:39:54,"MICP010406","TCACOPARDO","IRM001B_CL","Magnesium","PCT_M-M",0.06766382571,"T","MICP01-20-0319",0.06766382571,0.0548077538087391
"541",14036563,2020-04-28 08:39:54,"MICP010406","TCACOPARDO","IRM001B_CL","Sodium","PCT_M-M",0.1801937404,"T","MICP01-20-0319",0.1801937404,0.20453751663728
"542",14036563,2020-04-28 08:39:54,"MICP010406","TCACOPARDO","IRM001B_CL","Potassium","PCT_M-M",0.6783894947,"T","MICP01-20-0319",0.6783894947,-0.39574013688013
"543",14036563,2020-04-28 08:39:54,"MICP010406","TCACOPARDO","IRM001B_CL","Phosphorus","PCT_M-M",NA,"T","MICP01-20-0319",0.5708552359,4.23224820874487
"544",14036563,2020-04-28 08:39:54,"MICP010406","TCACOPARDO","IRM001B_CL","Sulphur","PCT_M-M",NA,"T","MICP01-20-0319",0.2103953202,2.46269729645626
"545",14037399,2020-04-28 11:04:13,"MICP010406","YYU","IRM001B_CL","Calcium","PCT_M-M",0.6731643491,"T","MICP01-20-0317",0.6731643491,-1.64158078494472
"546",14037399,2020-04-28 11:04:13,"MICP010406","YYU","IRM001B_CL","Phosphorus","PCT_M-M",0.4802504253,"T","MICP01-20-0317",0.4802504253,0.590071041645574
"547",14040155,2020-04-28 18:13:04,"MICP010406","APOWERS","IRM001B_CL","Iron","MG_P_KG",87.164886004,"T","MICP01-20-0318",87.164886004,-0.187318862270138
"548",14040155,2020-04-28 18:13:04,"MICP010406","APOWERS","IRM001B_CL","Zinc","MG_P_KG",36.893783595,"T","MICP01-20-0318",36.893783595,-1.04615442134987
"549",14040155,2020-04-28 18:13:04,"MICP010406","APOWERS","IRM001B_CL","Copper","MG_P_KG",0.197548674,"T","MICP01-20-0318",0.197548674,-0.712598270708623
"550",14040155,2020-04-28 18:13:04,"MICP010406","APOWERS","IRM001B_CL","Manganese","MG_P_KG",0.5094941365,"T","MICP01-20-0318",0.5094941365,0.19261091377222
"551",14040155,2020-04-28 18:13:04,"MICP010406","APOWERS","IRM001B_CL","Calcium","PCT_M-M",0.6744708954,"T","MICP01-20-0318",0.6744708954,-1.55585321253762
"552",14040155,2020-04-28 18:13:04,"MICP010406","APOWERS","IRM001B_CL","Magnesium","PCT_M-M",0.06616524159,"T","MICP01-20-0318",0.06616524159,-1.03829703641623
"553",14040155,2020-04-28 18:13:04,"MICP010406","APOWERS","IRM001B_CL","Sodium","PCT_M-M",0.1769381861,"T","MICP01-20-0318",0.1769381861,-0.426338283321093
"554",14040155,2020-04-28 18:13:04,"MICP010406","APOWERS","IRM001B_CL","Potassium","PCT_M-M",0.6689719905,"T","MICP01-20-0318",0.6689719905,-0.989240505595952
"555",14040155,2020-04-28 18:13:04,"MICP010406","APOWERS","IRM001B_CL","Phosphorus","PCT_M-M",0.4910202301,"T","MICP01-20-0318",0.4910202301,1.02300100283548
"556",14040783,2020-04-29 05:48:32,"MICP010406","YYU","IRM001B_CL","Sodium","PCT_M-M",0.1758844068,"T","MICP01-20-0320",0.1758844068,-0.630544325550853
"557",14040783,2020-04-29 05:48:32,"MICP010406","YYU","IRM001B_CL","Potassium","PCT_M-M",0.6625923223,"T","MICP01-20-0320",0.6625923223,-1.39129346448761
"558",14040919,2020-04-29 06:41:48,"MICP010406","SLOUYEH","IRM001B_CL","Iron","MG_P_KG",90.118117193,"T","MICP01-20-0321",90.118117193,1.29936665001784
"559",14040919,2020-04-29 06:41:48,"MICP010406","SLOUYEH","IRM001B_CL","Zinc","MG_P_KG",37.293529674,"T","MICP01-20-0321",37.293529674,-0.517618012050172
"560",14040919,2020-04-29 06:41:48,"MICP010406","SLOUYEH","IRM001B_CL","Copper","MG_P_KG",0.3462109867,"T","MICP01-20-0321",0.3462109867,2.01555202734453
"561",14040919,2020-04-29 06:41:48,"MICP010406","SLOUYEH","IRM001B_CL","Manganese","MG_P_KG",0.5073587426,"T","MICP01-20-0321",0.5073587426,0.0885648132332278
"562",14040919,2020-04-29 06:41:48,"MICP010406","SLOUYEH","IRM001B_CL","Calcium","PCT_M-M",0.691052846,"T","MICP01-20-0321",0.691052846,-0.467847092347014
"563",14040919,2020-04-29 06:41:48,"MICP010406","SLOUYEH","IRM001B_CL","Sodium","PCT_M-M",0.1807711595,"T","MICP01-20-0321",0.1807711595,0.316432359436783
"564",14040919,2020-04-29 06:41:48,"MICP010406","SLOUYEH","IRM001B_CL","Potassium","PCT_M-M",0.6846092372,"T","MICP01-20-0321",0.6846092372,-0.00376585275212389
"565",14040919,2020-04-29 06:41:48,"MICP010406","SLOUYEH","IRM001B_CL","Phosphorus","PCT_M-M",0.4900042007,"T","MICP01-20-0321",0.4900042007,0.982158148496109
"566",14045587,2020-04-29 19:49:29,"MICP010406","TCACOPARDO","IRM001B_CL","Iron","MG_P_KG",87.514941672,"T","MICP01-20-0322",87.514941672,-0.0110974096292673
"567",14045587,2020-04-29 19:49:29,"MICP010406","TCACOPARDO","IRM001B_CL","Zinc","MG_P_KG",37.020733256,"T","MICP01-20-0322",37.020733256,-0.87830407456322
"568",14045587,2020-04-29 19:49:29,"MICP010406","TCACOPARDO","IRM001B_CL","Copper","MG_P_KG",0.1995029484,"T","MICP01-20-0322",0.1995029484,-0.676734747600405
"569",14045587,2020-04-29 19:49:29,"MICP010406","TCACOPARDO","IRM001B_CL","Manganese","MG_P_KG",0.5049862608,"T","MICP01-20-0322",0.5049862608,-0.0270332878429909
"570",14045587,2020-04-29 19:49:29,"MICP010406","TCACOPARDO","IRM001B_CL","Calcium","PCT_M-M",0.6765656927,"T","MICP01-20-0322",0.6765656927,-1.4184054334471
"571",14045587,2020-04-29 19:49:29,"MICP010406","TCACOPARDO","IRM001B_CL","Sodium","PCT_M-M",0.1783265356,"T","MICP01-20-0322",0.1783265356,-0.157297738847819
"572",14045587,2020-04-29 19:49:29,"MICP010406","TCACOPARDO","IRM001B_CL","Phosphorus","PCT_M-M",0.4859931013,"T","MICP01-20-0322",0.4859931013,0.820917983068893
"573",14045920,2020-04-30 05:48:40,"MICP010406","YYU","IRM001B_CL","Iron","MG_P_KG",87.594705071,"T","MICP01-20-0323",87.594705071,0.029056266840708
"574",14045920,2020-04-30 05:48:40,"MICP010406","YYU","IRM001B_CL","Zinc","MG_P_KG",37.46864129,"T","MICP01-20-0323",37.46864129,-0.286088874906816
"575",14045920,2020-04-30 05:48:40,"MICP010406","YYU","IRM001B_CL","Manganese","MG_P_KG",0.5585053517,"T","MICP01-20-0323",0.5585053517,2.58066017449059
"576",14045920,2020-04-30 05:48:40,"MICP010406","YYU","IRM001B_CL","Calcium","PCT_M-M",0.7061015359,"T","MICP01-20-0323",0.7061015359,0.519555843954735
"577",14045920,2020-04-30 05:48:40,"MICP010406","YYU","IRM001B_CL","Magnesium","PCT_M-M",0.06788849579,"T","MICP01-20-0323",0.06788849579,0.218687737181466
"578",14045920,2020-04-30 05:48:40,"MICP010406","YYU","IRM001B_CL","Sodium","PCT_M-M",0.1801028214,"T","MICP01-20-0323",0.1801028214,0.186918828214109
"579",14045920,2020-04-30 05:48:40,"MICP010406","YYU","IRM001B_CL","Potassium","PCT_M-M",0.6704705522,"T","MICP01-20-0323",0.6704705522,-0.89479967471282
"580",14045920,2020-04-30 05:48:40,"MICP010406","YYU","IRM001B_CL","Phosphorus","PCT_M-M",0.4463095495,"T","MICP01-20-0323",0.4463095495,-0.774301137397566
"581",14046069,2020-04-30 07:05:52,"MICP010406","SLOUYEH","IRM001B_CL","Iron","MG_P_KG",83.368607723,"T","MICP01-20-0324",83.368607723,-2.09840253970051
"582",14046069,2020-04-30 07:05:52,"MICP010406","SLOUYEH","IRM001B_CL","Zinc","MG_P_KG",37.899949976,"T","MICP01-20-0324",37.899949976,0.284178993056971
"583",14046069,2020-04-30 07:05:52,"MICP010406","SLOUYEH","IRM001B_CL","Copper","MG_P_KG",0.2288607325,"T","MICP01-20-0324",0.2288607325,-0.137980533516427
"584",14046069,2020-04-30 07:05:52,"MICP010406","SLOUYEH","IRM001B_CL","Manganese","MG_P_KG",0.5524685141,"T","MICP01-20-0324",0.5524685141,2.28651799684965
"585",14046069,2020-04-30 07:05:52,"MICP010406","SLOUYEH","IRM001B_CL","Calcium","PCT_M-M",0.6763571945,"T","MICP01-20-0324",0.6763571945,-1.43208580936432
"586",14046069,2020-04-30 07:05:52,"MICP010406","SLOUYEH","IRM001B_CL","Magnesium","PCT_M-M",0.06642623675,"T","MICP01-20-0324",0.06642623675,-0.847920629904244
"587",14046069,2020-04-30 07:05:52,"MICP010406","SLOUYEH","IRM001B_CL","Sodium","PCT_M-M",0.1780470977,"T","MICP01-20-0324",0.1780470977,-0.211448458650341
"588",14046069,2020-04-30 07:05:52,"MICP010406","SLOUYEH","IRM001B_CL","Potassium","PCT_M-M",0.6629266356,"T","MICP01-20-0324",0.6629266356,-1.37022471181144
"589",14046069,2020-04-30 07:05:52,"MICP010406","SLOUYEH","IRM001B_CL","Phosphorus","PCT_M-M",0.485487715,"T","MICP01-20-0324",0.485487715,0.800602213627564
"590",14046143,2020-04-30 07:21:31,"MICP010406","YYU","IRM001B_CL","Iron","MG_P_KG",87.754868769,"T","MICP01-20-0325",87.754868769,0.109684241480134
"591",14046143,2020-04-30 07:21:31,"MICP010406","YYU","IRM001B_CL","Zinc","MG_P_KG",37.069507537,"T","MICP01-20-0325",37.069507537,-0.813815678803584
"592",14046143,2020-04-30 07:21:31,"MICP010406","YYU","IRM001B_CL","Copper","MG_P_KG",0.1198385016,"T","MICP01-20-0325",0.1198385016,-2.13868283877697
"593",14046143,2020-04-30 07:21:31,"MICP010406","YYU","IRM001B_CL","Calcium","PCT_M-M",0.6989715252,"T","MICP01-20-0325",0.6989715252,0.0517281760430668
"594",14046143,2020-04-30 07:21:31,"MICP010406","YYU","IRM001B_CL","Magnesium","PCT_M-M",0.06737571732,"T","MICP01-20-0325",0.06737571732,-0.155345721735234
"595",14046143,2020-04-30 07:21:31,"MICP010406","YYU","IRM001B_CL","Sodium","PCT_M-M",0.1769713606,"T","MICP01-20-0325",0.1769713606,-0.419909581079601
"596",14046143,2020-04-30 07:21:31,"MICP010406","YYU","IRM001B_CL","Potassium","PCT_M-M",0.6648938516,"T","MICP01-20-0325",0.6648938516,-1.24624882642307
"597",14046143,2020-04-30 07:21:31,"MICP010406","YYU","IRM001B_CL","Phosphorus","PCT_M-M",0.4608216809,"T","MICP01-20-0325",0.4608216809,-0.190935273256302
"598",14049602,2020-04-30 15:50:03,"MICP010406","KWORKMAN","IRM001B_CL","Iron","MG_P_KG",88.231969088,"T","MICP01-20-0326",88.231969088,0.349861216045221
"599",14049602,2020-04-30 15:50:03,"MICP010406","KWORKMAN","IRM001B_CL","Zinc","MG_P_KG",37.312368955,"T","MICP01-20-0326",37.312368955,-0.492709084967169
"600",14049602,2020-04-30 15:50:03,"MICP010406","KWORKMAN","IRM001B_CL","Copper","MG_P_KG",0.21482164,"T","MICP01-20-0326",0.21482164,-0.39561647158744
"601",14049602,2020-04-30 15:50:03,"MICP010406","KWORKMAN","IRM001B_CL","Manganese","MG_P_KG",0.5214987776,"T","MICP01-20-0326",0.5214987776,0.777531613800983
"602",14049602,2020-04-30 15:50:03,"MICP010406","KWORKMAN","IRM001B_CL","Calcium","PCT_M-M",0.6939826806,"T","MICP01-20-0326",0.6939826806,-0.275609275889754
"603",14049602,2020-04-30 15:50:03,"MICP010406","KWORKMAN","IRM001B_CL","Magnesium","PCT_M-M",0.06692092298,"T","MICP01-20-0326",0.06692092298,-0.487084103976467
"604",14049602,2020-04-30 15:50:03,"MICP010406","KWORKMAN","IRM001B_CL","Sodium","PCT_M-M",0.1772801116,"T","MICP01-20-0326",0.1772801116,-0.36007843831139
"605",14049602,2020-04-30 15:50:03,"MICP010406","KWORKMAN","IRM001B_CL","Potassium","PCT_M-M",0.6629773073,"T","MICP01-20-0326",0.6629773073,-1.36703133148531
"606",14049602,2020-04-30 15:50:03,"MICP010406","KWORKMAN","IRM001B_CL","Phosphorus","PCT_M-M",0.4518504302,"T","MICP01-20-0326",0.4518504302,-0.551566063646845
"607",14050840,2020-05-01 05:50:24,"MICP010406","YYU","IRM001B_CL","Iron","MG_P_KG",88.676408732,"T","MICP01-20-0327",88.676408732,0.573596486850403
"608",14050840,2020-05-01 05:50:24,"MICP010406","YYU","IRM001B_CL","Zinc","MG_P_KG",37.482738387,"T","MICP01-20-0327",37.482738387,-0.26744997030876
"609",14050840,2020-05-01 05:50:24,"MICP010406","YYU","IRM001B_CL","Copper","MG_P_KG",0.2361669142,"T","MICP01-20-0327",0.2361669142,-0.0039024244081094
"610",14050840,2020-05-01 05:50:24,"MICP010406","YYU","IRM001B_CL","Manganese","MG_P_KG",0.4974597284,"T","MICP01-20-0327",0.4974597284,-0.393760169848413
"611",14050840,2020-05-01 05:50:24,"MICP010406","YYU","IRM001B_CL","Calcium","PCT_M-M",0.6987431279,"T","MICP01-20-0327",0.6987431279,0.0367421429623128
"612",14050840,2020-05-01 05:50:24,"MICP010406","YYU","IRM001B_CL","Magnesium","PCT_M-M",0.06718810773,"T","MICP01-20-0327",0.06718810773,-0.292192855495828
"613",14050840,2020-05-01 05:50:24,"MICP010406","YYU","IRM001B_CL","Sodium","PCT_M-M",0.1790287916,"T","MICP01-20-0327",0.1790287916,-0.021211446023412
"614",14050840,2020-05-01 05:50:24,"MICP010406","YYU","IRM001B_CL","Potassium","PCT_M-M",0.6660648863,"T","MICP01-20-0327",0.6660648863,-1.1724490689216
"615",14050840,2020-05-01 05:50:24,"MICP010406","YYU","IRM001B_CL","Phosphorus","PCT_M-M",0.4791452758,"T","MICP01-20-0327",0.4791452758,0.545645693273053
