"","SAMPLE_NUMBER","LOGIN_DATE","ANALYSIS","ASSIGNED_OPERATOR","SAMPLING_POINT","REPORTED_NAME","UNITS","ENTRY","REPORTABLE","NAME","RAW_ENTRY","z_score","z_group"
"1",13930092,2020-04-01 05:32:46,"MICP010406","SLOUYEH","IRM001B_CL","Iron","MG_P_KG",87.029487047,"T","MICP01-20-0238",87.029487047,-0.17860817749913,"-2 to 2"
"2",13930092,2020-04-01 05:32:46,"MICP010406","SLOUYEH","IRM001B_CL","Zinc","MG_P_KG",37.406140502,"T","MICP01-20-0238",37.406140502,-0.383787043473136,"-2 to 2"
"3",13930092,2020-04-01 05:32:46,"MICP010406","SLOUYEH","IRM001B_CL","Calcium","PCT_M-M",0.7010766513,"T","MICP01-20-0238",0.7010766513,0.162741313144318,"-2 to 2"
"4",13930092,2020-04-01 05:32:46,"MICP010406","SLOUYEH","IRM001B_CL","Magnesium","PCT_M-M",0.06766747737,"T","MICP01-20-0238",0.06766747737,0.0439207587065468,"-2 to 2"
"5",13930092,2020-04-01 05:32:46,"MICP010406","SLOUYEH","IRM001B_CL","Sodium","PCT_M-M",0.1808267163,"T","MICP01-20-0238",0.1808267163,0.262262981005767,"-2 to 2"
"6",13930092,2020-04-01 05:32:46,"MICP010406","SLOUYEH","IRM001B_CL","Potassium","PCT_M-M",0.6786762684,"T","MICP01-20-0238",0.6786762684,-0.352589090384067,"-2 to 2"
"7",13930092,2020-04-01 05:32:46,"MICP010406","SLOUYEH","IRM001B_CL","Phosphorus","PCT_M-M",0.4309600162,"T","MICP01-20-0238",0.4309600162,-1.34475827735061,"-2 to 2"
"8",13930123,2020-04-01 05:45:55,"MICP010406","YYU","IRM001B_CL","Zinc","MG_P_KG",37.134172093,"T","MICP01-20-0240",37.134172093,-0.738445896653133,"-2 to 2"
"9",13930123,2020-04-01 05:45:55,"MICP010406","YYU","IRM001B_CL","Copper","MG_P_KG",0.3001977225,"T","MICP01-20-0240",0.3001977225,1.13366916880559,"-2 to 2"
"10",13930123,2020-04-01 05:45:55,"MICP010406","YYU","IRM001B_CL","Manganese","MG_P_KG",0.5303335778,"T","MICP01-20-0240",0.5303335778,1.23252253803953,"-2 to 2"
"11",13930123,2020-04-01 05:45:55,"MICP010406","YYU","IRM001B_CL","Calcium","PCT_M-M",0.6957203731,"T","MICP01-20-0240",0.6957203731,-0.184153420260674,"-2 to 2"
"12",13930123,2020-04-01 05:45:55,"MICP010406","YYU","IRM001B_CL","Magnesium","PCT_M-M",0.06870477666,"T","MICP01-20-0240",0.06870477666,0.79534584640505,"-2 to 2"
"13",13930123,2020-04-01 05:45:55,"MICP010406","YYU","IRM001B_CL","Sodium","PCT_M-M",0.1828086856,"T","MICP01-20-0240",0.1828086856,0.663328226694209,"-2 to 2"
"14",13930123,2020-04-01 05:45:55,"MICP010406","YYU","IRM001B_CL","Potassium","PCT_M-M",0.6921245695,"T","MICP01-20-0240",0.6921245695,0.474508398825969,"-2 to 2"
"15",13930123,2020-04-01 05:45:55,"MICP010406","YYU","IRM001B_CL","Phosphorus","PCT_M-M",0.4714414874,"T","MICP01-20-0240",0.4714414874,0.264847419133074,"-2 to 2"
"16",13930169,2020-04-01 06:12:27,"MICP010406","CYCHUNG","IRM001B_CL","Iron","MG_P_KG",87.319105173,"T","MICP01-20-0241",87.319105173,-0.0353354863149824,"-2 to 2"
"17",13930169,2020-04-01 06:12:27,"MICP010406","CYCHUNG","IRM001B_CL","Zinc","MG_P_KG",37.408579463,"T","MICP01-20-0241",37.408579463,-0.380606530286357,"-2 to 2"
"18",13930169,2020-04-01 06:12:27,"MICP010406","CYCHUNG","IRM001B_CL","Copper","MG_P_KG",0.2006496226,"T","MICP01-20-0241",0.2006496226,-0.667002235473598,"-2 to 2"
"19",13930169,2020-04-01 06:12:27,"MICP010406","CYCHUNG","IRM001B_CL","Manganese","MG_P_KG",0.4899100121,"T","MICP01-20-0241",0.4899100121,-0.719943793685876,"-2 to 2"
"20",13930169,2020-04-01 06:12:27,"MICP010406","CYCHUNG","IRM001B_CL","Calcium","PCT_M-M",0.6968927407,"T","MICP01-20-0241",0.6968927407,-0.108226044782934,"-2 to 2"
"21",13930169,2020-04-01 06:12:27,"MICP010406","CYCHUNG","IRM001B_CL","Magnesium","PCT_M-M",0.0669971619,"T","MICP01-20-0241",0.0669971619,-0.441659310311355,"-2 to 2"
"22",13930169,2020-04-01 06:12:27,"MICP010406","CYCHUNG","IRM001B_CL","Sodium","PCT_M-M",0.1793590387,"T","MICP01-20-0241",0.1793590387,-0.0347317692335136,"-2 to 2"
"23",13930169,2020-04-01 06:12:27,"MICP010406","CYCHUNG","IRM001B_CL","Potassium","PCT_M-M",0.6784863481,"T","MICP01-20-0241",0.6784863481,-0.364269569733239,"-2 to 2"
"24",13930169,2020-04-01 06:12:27,"MICP010406","CYCHUNG","IRM001B_CL","Phosphorus","PCT_M-M",0.4651252333,"T","MICP01-20-0241",0.4651252333,0.0137034197075181,"-2 to 2"
"25",13935571,2020-04-02 05:51:18,"MICP010406","YYU","IRM001B_CL","Iron","MG_P_KG",89.657342065,"T","MICP01-20-0243",89.657342065,1.12137903556168,"-2 to 2"
"26",13935571,2020-04-02 05:51:18,"MICP010406","YYU","IRM001B_CL","Zinc","MG_P_KG",38.505586715,"T","MICP01-20-0243",38.505586715,1.04993952230483,"-2 to 2"
"27",13935571,2020-04-02 05:51:18,"MICP010406","YYU","IRM001B_CL","Copper","MG_P_KG",0.2820980852,"T","MICP01-20-0243",0.2820980852,0.806274679642321,"-2 to 2"
"28",13935571,2020-04-02 05:51:18,"MICP010406","YYU","IRM001B_CL","Manganese","MG_P_KG",0.4920424227,"T","MICP01-20-0243",0.4920424227,-0.616947933973423,"-2 to 2"
"29",13935571,2020-04-02 05:51:18,"MICP010406","YYU","IRM001B_CL","Calcium","PCT_M-M",0.7087952045,"T","MICP01-20-0243",0.7087952045,0.662626747509225,"-2 to 2"
"30",13935571,2020-04-02 05:51:18,"MICP010406","YYU","IRM001B_CL","Magnesium","PCT_M-M",0.06767807918,"T","MICP01-20-0243",0.06767807918,0.0516007659000448,"-2 to 2"
"31",13935571,2020-04-02 05:51:18,"MICP010406","YYU","IRM001B_CL","Sodium","PCT_M-M",0.1810560905,"T","MICP01-20-0243",0.1810560905,0.308678442576028,"-2 to 2"
"32",13935571,2020-04-02 05:51:18,"MICP010406","YYU","IRM001B_CL","Potassium","PCT_M-M",0.6853629258,"T","MICP01-20-0243",0.6853629258,0.0586537503006752,"-2 to 2"
"33",13935571,2020-04-02 05:51:18,"MICP010406","YYU","IRM001B_CL","Phosphorus","PCT_M-M",0.4394816619,"T","MICP01-20-0243",0.4394816619,-1.00592450833147,"-2 to 2"
"34",13935875,2020-04-02 07:28:45,"MICP010406","SLOUYEH","IRM001B_CL","Iron","MG_P_KG",89.211481379,"T","MICP01-20-0244",89.211481379,0.900813902920673,"-2 to 2"
"35",13935875,2020-04-02 07:28:45,"MICP010406","SLOUYEH","IRM001B_CL","Zinc","MG_P_KG",37.653954646,"T","MICP01-20-0244",37.653954646,-0.060626421855414,"-2 to 2"
"36",13935875,2020-04-02 07:28:45,"MICP010406","SLOUYEH","IRM001B_CL","Calcium","PCT_M-M",0.6999724741,"T","MICP01-20-0244",0.6999724741,0.0912302300519809,"-2 to 2"
"37",13935875,2020-04-02 07:28:45,"MICP010406","SLOUYEH","IRM001B_CL","Magnesium","PCT_M-M",0.06712174028,"T","MICP01-20-0244",0.06712174028,-0.351414073455143,"-2 to 2"
"38",13935875,2020-04-02 07:28:45,"MICP010406","SLOUYEH","IRM001B_CL","Sodium","PCT_M-M",0.182110154,"T","MICP01-20-0244",0.182110154,0.521975508579383,"-2 to 2"
"39",13935875,2020-04-02 07:28:45,"MICP010406","SLOUYEH","IRM001B_CL","Phosphorus","PCT_M-M",0.5249151896,"T","MICP01-20-0244",0.5249151896,2.39104424750309,"2 to 3"
"40",13936010,2020-04-02 08:00:01,"MICP010406","YYU","IRM001B_CL","Iron","MG_P_KG",86.307862349,"T","MICP01-20-0245",86.307862349,-0.535592437895216,"-2 to 2"
"41",13936010,2020-04-02 08:00:01,"MICP010406","YYU","IRM001B_CL","Zinc","MG_P_KG",38.828219337,"T","MICP01-20-0245",38.828219337,1.47066675359504,"-2 to 2"
"42",13936010,2020-04-02 08:00:01,"MICP010406","YYU","IRM001B_CL","Manganese","MG_P_KG",0.5247542956,"T","MICP01-20-0245",0.5247542956,0.963042088651686,"-2 to 2"
"43",13936010,2020-04-02 08:00:01,"MICP010406","YYU","IRM001B_CL","Calcium","PCT_M-M",0.7187338267,"T","MICP01-20-0245",0.7187338267,1.30629303401428,"-2 to 2"
"44",13936010,2020-04-02 08:00:01,"MICP010406","YYU","IRM001B_CL","Magnesium","PCT_M-M",0.069300253,"T","MICP01-20-0245",0.069300253,1.22671205413368,"-2 to 2"
"45",13936010,2020-04-02 08:00:01,"MICP010406","YYU","IRM001B_CL","Sodium","PCT_M-M",0.1862329488,"T","MICP01-20-0245",0.1862329488,1.35625165472606,"-2 to 2"
"46",13936010,2020-04-02 08:00:01,"MICP010406","YYU","IRM001B_CL","Potassium","PCT_M-M",0.6936779372,"T","MICP01-20-0245",0.6936779372,0.570043627769496,"-2 to 2"
"47",13936010,2020-04-02 08:00:01,"MICP010406","YYU","IRM001B_CL","Phosphorus","PCT_M-M",0.4977199432,"T","MICP01-20-0245",0.4977199432,1.3097193295807,"-2 to 2"
"48",13936888,2020-04-02 10:02:48,"MICP010406","YYU","IRM001B_CL","Iron","MG_P_KG",89.747800507,"T","MICP01-20-0247",89.747800507,1.16612839087539,"-2 to 2"
"49",13936888,2020-04-02 10:02:48,"MICP010406","YYU","IRM001B_CL","Zinc","MG_P_KG",38.131535962,"T","MICP01-20-0247",38.131535962,0.562160770434818,"-2 to 2"
"50",13936888,2020-04-02 10:02:48,"MICP010406","YYU","IRM001B_CL","Calcium","PCT_M-M",0.7062865914,"T","MICP01-20-0247",0.7062865914,0.500158585840408,"-2 to 2"
"51",13936888,2020-04-02 10:02:48,"MICP010406","YYU","IRM001B_CL","Magnesium","PCT_M-M",0.06719149199,"T","MICP01-20-0247",0.06719149199,-0.300885566100357,"-2 to 2"
"52",13936888,2020-04-02 10:02:48,"MICP010406","YYU","IRM001B_CL","Sodium","PCT_M-M",0.1816999275,"T","MICP01-20-0247",0.1816999275,0.438963328718469,"-2 to 2"
"53",13936888,2020-04-02 10:02:48,"MICP010406","YYU","IRM001B_CL","Potassium","PCT_M-M",0.6807815563,"T","MICP01-20-0247",0.6807815563,-0.223109662223856,"-2 to 2"
"54",13936888,2020-04-02 10:02:48,"MICP010406","YYU","IRM001B_CL","Phosphorus","PCT_M-M",0.5065323859,"T","MICP01-20-0247",0.5065323859,1.66011563557899,"-2 to 2"
"55",13941769,2020-04-03 05:41:54,"MICP010406","YYU","IRM001B_CL","Iron","MG_P_KG",90.151830502,"T","MICP01-20-0248",90.151830502,1.36600008227212,"-2 to 2"
"56",13941769,2020-04-03 05:41:54,"MICP010406","YYU","IRM001B_CL","Zinc","MG_P_KG",38.071382998,"T","MICP01-20-0248",38.071382998,0.483718640681363,"-2 to 2"
"57",13941769,2020-04-03 05:41:54,"MICP010406","YYU","IRM001B_CL","Copper","MG_P_KG",0.258268969,"T","MICP01-20-0248",0.258268969,0.375242764681722,"-2 to 2"
"58",13941769,2020-04-03 05:41:54,"MICP010406","YYU","IRM001B_CL","Manganese","MG_P_KG",0.514317846,"T","MICP01-20-0248",0.514317846,0.458959479562378,"-2 to 2"
"59",13941769,2020-04-03 05:41:54,"MICP010406","YYU","IRM001B_CL","Calcium","PCT_M-M",0.7051855244,"T","MICP01-20-0248",0.7051855244,0.428848932165952,"-2 to 2"
"60",13941769,2020-04-03 05:41:54,"MICP010406","YYU","IRM001B_CL","Magnesium","PCT_M-M",0.06781467364,"T","MICP01-20-0248",0.06781467364,0.15055051461204,"-2 to 2"
"61",13941769,2020-04-03 05:41:54,"MICP010406","YYU","IRM001B_CL","Sodium","PCT_M-M",0.1818855241,"T","MICP01-20-0248",0.1818855241,0.476520089046664,"-2 to 2"
"62",13941769,2020-04-03 05:41:54,"MICP010406","YYU","IRM001B_CL","Potassium","PCT_M-M",0.6811780358,"T","MICP01-20-0248",0.6811780358,-0.198725377804968,"-2 to 2"
"63",13941769,2020-04-03 05:41:54,"MICP010406","YYU","IRM001B_CL","Phosphorus","PCT_M-M",0.4987521976,"T","MICP01-20-0248",0.4987521976,1.35076335572915,"-2 to 2"
"64",13941769,2020-04-03 05:41:54,"MICP010406","YYU","IRM001B_CL","Sulphur","PCT_M-M",0.2037021541,"T","MICP01-20-0248",0.2037021541,0.770745391589441,"-2 to 2"
"65",13942109,2020-04-03 07:57:02,"MICP010406","CYCHUNG","IRM001B_CL","Iron","MG_P_KG",85.639664679,"T","MICP01-20-0249",85.639664679,-0.866146605018993,"-2 to 2"
"66",13942109,2020-04-03 07:57:02,"MICP010406","CYCHUNG","IRM001B_CL","Zinc","MG_P_KG",37.563394194,"T","MICP01-20-0249",37.563394194,-0.178721262972728,"-2 to 2"
"67",13942109,2020-04-03 07:57:02,"MICP010406","CYCHUNG","IRM001B_CL","Copper","MG_P_KG",0.2556518561,"T","MICP01-20-0249",0.2556518561,0.32790323368581,"-2 to 2"
"68",13942109,2020-04-03 07:57:02,"MICP010406","CYCHUNG","IRM001B_CL","Manganese","MG_P_KG",0.4758537349,"T","MICP01-20-0249",0.4758537349,-1.39886480194318,"-2 to 2"
"69",13942109,2020-04-03 07:57:02,"MICP010406","CYCHUNG","IRM001B_CL","Calcium","PCT_M-M",0.6997864764,"T","MICP01-20-0249",0.6997864764,0.0791842495882661,"-2 to 2"
"70",13942109,2020-04-03 07:57:02,"MICP010406","CYCHUNG","IRM001B_CL","Magnesium","PCT_M-M",0.06850475041,"T","MICP01-20-0249",0.06850475041,0.65044577378642,"-2 to 2"
"71",13942109,2020-04-03 07:57:02,"MICP010406","CYCHUNG","IRM001B_CL","Sodium","PCT_M-M",0.1840590874,"T","MICP01-20-0249",0.1840590874,0.916355710584231,"-2 to 2"
"72",13942109,2020-04-03 07:57:02,"MICP010406","CYCHUNG","IRM001B_CL","Potassium","PCT_M-M",0.6877088351,"T","MICP01-20-0249",0.6877088351,0.202931877144851,"-2 to 2"
"73",13942109,2020-04-03 07:57:02,"MICP010406","CYCHUNG","IRM001B_CL","Phosphorus","PCT_M-M",0.4544317663,"T","MICP01-20-0249",0.4544317663,-0.411485312029097,"-2 to 2"
"74",13942526,2020-04-03 09:04:33,"MICP010406","YYU","IRM001B_CL","Iron","MG_P_KG",86.156893002,"T","MICP01-20-0250",86.156893002,-0.610276246294018,"-2 to 2"
"75",13942526,2020-04-03 09:04:33,"MICP010406","YYU","IRM001B_CL","Zinc","MG_P_KG",37.445397613,"T","MICP01-20-0250",37.445397613,-0.332594031690584,"-2 to 2"
"76",13942526,2020-04-03 09:04:33,"MICP010406","YYU","IRM001B_CL","Copper","MG_P_KG",0.1834433391,"T","MICP01-20-0250",0.1834433391,-0.978237333918414,"-2 to 2"
"77",13942526,2020-04-03 09:04:33,"MICP010406","YYU","IRM001B_CL","Manganese","MG_P_KG",0.4899763516,"T","MICP01-20-0250",0.4899763516,-0.716739582529077,"-2 to 2"
"78",13942526,2020-04-03 09:04:33,"MICP010406","YYU","IRM001B_CL","Calcium","PCT_M-M",0.6875514855,"T","MICP01-20-0250",0.6875514855,-0.713204373255866,"-2 to 2"
"79",13942526,2020-04-03 09:04:33,"MICP010406","YYU","IRM001B_CL","Magnesium","PCT_M-M",0.06684258829,"T","MICP01-20-0250",0.06684258829,-0.553633250301352,"-2 to 2"
"80",13942526,2020-04-03 09:04:33,"MICP010406","YYU","IRM001B_CL","Sodium","PCT_M-M",0.1775395136,"T","MICP01-20-0250",0.1775395136,-0.40292530344607,"-2 to 2"
"81",13942526,2020-04-03 09:04:33,"MICP010406","YYU","IRM001B_CL","Potassium","PCT_M-M",0.672958451,"T","MICP01-20-0250",0.672958451,-0.704246327988706,"-2 to 2"
"82",13942526,2020-04-03 09:04:33,"MICP010406","YYU","IRM001B_CL","Phosphorus","PCT_M-M",0.4726438615,"T","MICP01-20-0250",0.4726438615,0.312655666790446,"-2 to 2"
"83",13943211,2020-04-03 10:40:46,"MICP010406","CYCHUNG","IRM001B_CL","Zinc","MG_P_KG",38.156190107,"T","MICP01-20-0251",38.156190107,0.594310867661122,"-2 to 2"
"84",13950989,2020-04-06 07:55:02,"MICP010406","SLOUYEH","IRM001B_CL","Iron","MG_P_KG",85.830279926,"T","MICP01-20-0252",85.830279926,-0.771850160954504,"-2 to 2"
"85",13950989,2020-04-06 07:55:02,"MICP010406","SLOUYEH","IRM001B_CL","Zinc","MG_P_KG",38.783024067,"T","MICP01-20-0252",38.783024067,1.41173011942383,"-2 to 2"
"86",13950989,2020-04-06 07:55:02,"MICP010406","SLOUYEH","IRM001B_CL","Copper","MG_P_KG",0.2522424489,"T","MICP01-20-0252",0.2522424489,0.266232322269613,"-2 to 2"
"87",13950989,2020-04-06 07:55:02,"MICP010406","SLOUYEH","IRM001B_CL","Calcium","PCT_M-M",0.7119884806,"T","MICP01-20-0252",0.7119884806,0.869436517285193,"-2 to 2"
"88",13950989,2020-04-06 07:55:02,"MICP010406","SLOUYEH","IRM001B_CL","Magnesium","PCT_M-M",0.06902108986,"T","MICP01-20-0252",0.06902108986,1.02448480016853,"-2 to 2"
"89",13950989,2020-04-06 07:55:02,"MICP010406","SLOUYEH","IRM001B_CL","Sodium","PCT_M-M",0.1825227372,"T","MICP01-20-0252",0.1825227372,0.605464583044324,"-2 to 2"
"90",13950989,2020-04-06 07:55:02,"MICP010406","SLOUYEH","IRM001B_CL","Phosphorus","PCT_M-M",0.4906158934,"T","MICP01-20-0252",0.4906158934,1.02725135874807,"-2 to 2"
"91",13951630,2020-04-06 10:39:50,"MICP010406","CYCHUNG","IRM001B_CL","Iron","MG_P_KG",88.862605762,"T","MICP01-20-0253",88.862605762,0.728226816516689,"-2 to 2"
"92",13951630,2020-04-06 10:39:50,"MICP010406","CYCHUNG","IRM001B_CL","Zinc","MG_P_KG",37.371601197,"T","MICP01-20-0253",37.371601197,-0.428827827239073,"-2 to 2"
"93",13951630,2020-04-06 10:39:50,"MICP010406","CYCHUNG","IRM001B_CL","Copper","MG_P_KG",0.2160229789,"T","MICP01-20-0253",0.2160229789,-0.388921959657049,"-2 to 2"
"94",13951630,2020-04-06 10:39:50,"MICP010406","CYCHUNG","IRM001B_CL","Manganese","MG_P_KG",0.4943314494,"T","MICP01-20-0253",0.4943314494,-0.506387485215917,"-2 to 2"
"95",13951630,2020-04-06 10:39:50,"MICP010406","CYCHUNG","IRM001B_CL","Calcium","PCT_M-M",0.6848867415,"T","MICP01-20-0253",0.6848867415,-0.885784217871215,"-2 to 2"
"96",13951630,2020-04-06 10:39:50,"MICP010406","CYCHUNG","IRM001B_CL","Magnesium","PCT_M-M",0.06586100944,"T","MICP01-20-0253",0.06586100944,-1.26469415678694,"-2 to 2"
"97",13951630,2020-04-06 10:39:50,"MICP010406","CYCHUNG","IRM001B_CL","Sodium","PCT_M-M",0.1709869993,"T","MICP01-20-0253",0.1709869993,-1.72887205630775,"-2 to 2"
"98",13951630,2020-04-06 10:39:50,"MICP010406","CYCHUNG","IRM001B_CL","Potassium","PCT_M-M",0.6780987706,"T","MICP01-20-0253",0.6780987706,-0.388106363298507,"-2 to 2"
"99",13951630,2020-04-06 10:39:50,"MICP010406","CYCHUNG","IRM001B_CL","Phosphorus","PCT_M-M",0.434358876,"T","MICP01-20-0253",0.434358876,-1.20961437241196,"-2 to 2"
"100",13952609,2020-04-06 14:15:42,"MICP010406","GVEMULA","IRM001B_CL","Iron","MG_P_KG",83.015887969,"T","MICP01-20-0254",83.015887969,-2.16411629876668,"-2 to -3"
"101",13952609,2020-04-06 14:15:42,"MICP010406","GVEMULA","IRM001B_CL","Zinc","MG_P_KG",36.79567962,"T","MICP01-20-0254",36.79567962,-1.17985507621795,"-2 to 2"
"102",13952609,2020-04-06 14:15:42,"MICP010406","GVEMULA","IRM001B_CL","Copper","MG_P_KG",0.1735973739,"T","MICP01-20-0254",0.1735973739,-1.15633564017416,"-2 to 2"
"103",13952609,2020-04-06 14:15:42,"MICP010406","GVEMULA","IRM001B_CL","Manganese","MG_P_KG",0.4950260316,"T","MICP01-20-0254",0.4950260316,-0.472839025632209,"-2 to 2"
"104",13952609,2020-04-06 14:15:42,"MICP010406","GVEMULA","IRM001B_CL","Calcium","PCT_M-M",0.6830446753,"T","MICP01-20-0254",0.6830446753,-1.00508404500927,"-2 to 2"
"105",13952609,2020-04-06 14:15:42,"MICP010406","GVEMULA","IRM001B_CL","Magnesium","PCT_M-M",0.06552592498,"T","MICP01-20-0254",0.06552592498,-1.50743111049864,"-2 to 2"
"106",13952609,2020-04-06 14:15:42,"MICP010406","GVEMULA","IRM001B_CL","Potassium","PCT_M-M",0.6656459102,"T","MICP01-20-0254",0.6656459102,-1.15398225302878,"-2 to 2"
"107",13952609,2020-04-06 14:15:42,"MICP010406","GVEMULA","IRM001B_CL","Phosphorus","PCT_M-M",0.4475864985,"T","MICP01-20-0254",0.4475864985,-0.683663711633219,"-2 to 2"
"108",13955412,2020-04-07 05:43:01,"MICP010406","SLOUYEH","IRM001B_CL","Iron","MG_P_KG",83.705202635,"T","MICP01-20-0255",83.705202635,-1.82311565549021,"-2 to 2"
"109",13955412,2020-04-07 05:43:01,"MICP010406","SLOUYEH","IRM001B_CL","Zinc","MG_P_KG",36.480358654,"T","MICP01-20-0255",36.480358654,-1.59104758418739,"-2 to 2"
"110",13955412,2020-04-07 05:43:01,"MICP010406","SLOUYEH","IRM001B_CL","Copper","MG_P_KG",0.2324049382,"T","MICP01-20-0255",0.2324049382,-0.0925976130627088,"-2 to 2"
"111",13955412,2020-04-07 05:43:01,"MICP010406","SLOUYEH","IRM001B_CL","Calcium","PCT_M-M",0.6866261054,"T","MICP01-20-0255",0.6866261054,-0.773135816527013,"-2 to 2"
"112",13955412,2020-04-07 05:43:01,"MICP010406","SLOUYEH","IRM001B_CL","Potassium","PCT_M-M",0.6637298741,"T","MICP01-20-0255",0.6637298741,-1.27182231593054,"-2 to 2"
"113",13955412,2020-04-07 05:43:01,"MICP010406","SLOUYEH","IRM001B_CL","Phosphorus","PCT_M-M",0.4469481638,"T","MICP01-20-0255",0.4469481638,-0.709044883288441,"-2 to 2"
"114",13958660,2020-04-07 14:17:00,"MICP010406","GVEMULA","IRM001B_CL","Iron","MG_P_KG",91.027767245,"T","MICP01-20-0257",91.027767245,1.79932176765824,"-2 to 2"
"115",13958660,2020-04-07 14:17:00,"MICP010406","GVEMULA","IRM001B_CL","Zinc","MG_P_KG",38.110243637,"T","MICP01-20-0257",38.110243637,0.534394635412736,"-2 to 2"
"116",13958660,2020-04-07 14:17:00,"MICP010406","GVEMULA","IRM001B_CL","Copper","MG_P_KG",0.3204093512,"T","MICP01-20-0257",0.3204093512,1.49926632104214,"-2 to 2"
"117",13958660,2020-04-07 14:17:00,"MICP010406","GVEMULA","IRM001B_CL","Manganese","MG_P_KG",0.5018213748,"T","MICP01-20-0257",0.5018213748,-0.144622586019137,"-2 to 2"
"118",13958660,2020-04-07 14:17:00,"MICP010406","GVEMULA","IRM001B_CL","Calcium","PCT_M-M",0.6976611551,"T","MICP01-20-0257",0.6976611551,-0.0584603495595996,"-2 to 2"
"119",13958660,2020-04-07 14:17:00,"MICP010406","GVEMULA","IRM001B_CL","Magnesium","PCT_M-M",0.06772195981,"T","MICP01-20-0257",0.06772195981,0.0833881261767597,"-2 to 2"
"120",13958660,2020-04-07 14:17:00,"MICP010406","GVEMULA","IRM001B_CL","Sodium","PCT_M-M",0.1764648659,"T","MICP01-20-0257",0.1764648659,-0.620387725204583,"-2 to 2"
"121",13958660,2020-04-07 14:17:00,"MICP010406","GVEMULA","IRM001B_CL","Potassium","PCT_M-M",0.7023061971,"T","MICP01-20-0257",0.7023061971,1.10069891623129,"-2 to 2"
"122",13958660,2020-04-07 14:17:00,"MICP010406","GVEMULA","IRM001B_CL","Phosphorus","PCT_M-M",0.4491207018,"T","MICP01-20-0257",0.4491207018,-0.622661423474182,"-2 to 2"
"123",13960791,2020-04-07 18:02:25,"MICP010406","YYU","IRM001B_CL","Iron","MG_P_KG",90.528006224,"T","MICP01-20-0259",90.528006224,1.55209239905301,"-2 to 2"
"124",13960791,2020-04-07 18:02:25,"MICP010406","YYU","IRM001B_CL","Zinc","MG_P_KG",37.902846197,"T","MICP01-20-0259",37.902846197,0.263939186218022,"-2 to 2"
"125",13960791,2020-04-07 18:02:25,"MICP010406","YYU","IRM001B_CL","Copper","MG_P_KG",0.2503568226,"T","MICP01-20-0259",0.2503568226,0.232124254300685,"-2 to 2"
"126",13960791,2020-04-07 18:02:25,"MICP010406","YYU","IRM001B_CL","Manganese","MG_P_KG",0.4974866198,"T","MICP01-20-0259",0.4974866198,-0.353992122011812,"-2 to 2"
"127",13960791,2020-04-07 18:02:25,"MICP010406","YYU","IRM001B_CL","Calcium","PCT_M-M",0.6860115394,"T","MICP01-20-0259",0.6860115394,-0.812937652945773,"-2 to 2"
"128",13960791,2020-04-07 18:02:25,"MICP010406","YYU","IRM001B_CL","Magnesium","PCT_M-M",0.065646521,"T","MICP01-20-0259",0.065646521,-1.42007071627279,"-2 to 2"
"129",13960791,2020-04-07 18:02:25,"MICP010406","YYU","IRM001B_CL","Sodium","PCT_M-M",0.1702471743,"T","MICP01-20-0259",0.1702471743,-1.87858078055058,"-2 to 2"
"130",13960791,2020-04-07 18:02:25,"MICP010406","YYU","IRM001B_CL","Potassium","PCT_M-M",0.67836731,"T","MICP01-20-0259",0.67836731,-0.371590651622932,"-2 to 2"
"131",13960791,2020-04-07 18:02:25,"MICP010406","YYU","IRM001B_CL","Phosphorus","PCT_M-M",0.4679595842,"T","MICP01-20-0259",0.4679595842,0.126401580600289,"-2 to 2"
"132",13961278,2020-04-08 05:50:52,"MICP010406","YYU","IRM001B_CL","Iron","MG_P_KG",88.790076783,"T","MICP01-20-0258",88.790076783,0.692347080142149,"-2 to 2"
"133",13961278,2020-04-08 05:50:52,"MICP010406","YYU","IRM001B_CL","Zinc","MG_P_KG",38.678842958,"T","MICP01-20-0258",38.678842958,1.27587333820127,"-2 to 2"
"134",13961278,2020-04-08 05:50:52,"MICP010406","YYU","IRM001B_CL","Copper","MG_P_KG",0.2630455467,"T","MICP01-20-0258",0.2630455467,0.461643679248125,"-2 to 2"
"135",13961278,2020-04-08 05:50:52,"MICP010406","YYU","IRM001B_CL","Manganese","MG_P_KG",0.4737150309,"T","MICP01-20-0258",0.4737150309,-1.50216463413801,"-2 to 2"
"136",13961278,2020-04-08 05:50:52,"MICP010406","YYU","IRM001B_CL","Calcium","PCT_M-M",0.7299156287,"T","MICP01-20-0258",0.7299156287,2.03047278699601,"2 to 3"
"137",13961278,2020-04-08 05:50:52,"MICP010406","YYU","IRM001B_CL","Magnesium","PCT_M-M",0.07002425193,"T","MICP01-20-0258",0.07002425193,1.75118070528727,"-2 to 2"
"138",13961278,2020-04-08 05:50:52,"MICP010406","YYU","IRM001B_CL","Sodium","PCT_M-M",0.1761885578,"T","MICP01-20-0258",0.1761885578,-0.676300587231356,"-2 to 2"
"139",13961278,2020-04-08 05:50:52,"MICP010406","YYU","IRM001B_CL","Potassium","PCT_M-M",0.7276558407,"T","MICP01-20-0258",0.7276558407,2.65975283821175,"2 to 3"
"140",13961278,2020-04-08 05:50:52,"MICP010406","YYU","IRM001B_CL","Phosphorus","PCT_M-M",0.4570402224,"T","MICP01-20-0258",0.4570402224,-0.307769076597723,"-2 to 2"
"141",13961838,2020-04-08 08:29:48,"MICP010406","SLOUYEH","IRM001B_CL","Iron","MG_P_KG",87.048600069,"T","MICP01-20-0260",87.048600069,-0.169153057626551,"-2 to 2"
"142",13961838,2020-04-08 08:29:48,"MICP010406","SLOUYEH","IRM001B_CL","Zinc","MG_P_KG",38.35361157,"T","MICP01-20-0260",38.35361157,0.851757200925129,"-2 to 2"
"143",13962190,2020-04-08 09:36:33,"MICP010406","TCACOPARDO","IRM001B_CL","Iron","MG_P_KG",88.651732706,"T","MICP01-20-0263",88.651732706,0.623908931967758,"-2 to 2"
"144",13962190,2020-04-08 09:36:33,"MICP010406","TCACOPARDO","IRM001B_CL","Zinc","MG_P_KG",37.803217222,"T","MICP01-20-0263",37.803217222,0.134018589385031,"-2 to 2"
"145",13962190,2020-04-08 09:36:33,"MICP010406","TCACOPARDO","IRM001B_CL","Copper","MG_P_KG",0.2035365767,"T","MICP01-20-0263",0.2035365767,-0.614781693860461,"-2 to 2"
"146",13962190,2020-04-08 09:36:33,"MICP010406","TCACOPARDO","IRM001B_CL","Calcium","PCT_M-M",0.7089026693,"T","MICP01-20-0263",0.7089026693,0.669586612503995,"-2 to 2"
"147",13962190,2020-04-08 09:36:33,"MICP010406","TCACOPARDO","IRM001B_CL","Magnesium","PCT_M-M",0.06863573063,"T","MICP01-20-0263",0.06863573063,0.745328537371726,"-2 to 2"
"148",13962190,2020-04-08 09:36:33,"MICP010406","TCACOPARDO","IRM001B_CL","Sodium","PCT_M-M",0.1751382635,"T","MICP01-20-0263",0.1751382635,-0.888834929450821,"-2 to 2"
"149",13962190,2020-04-08 09:36:33,"MICP010406","TCACOPARDO","IRM001B_CL","Potassium","PCT_M-M",0.7097334568,"T","MICP01-20-0263",0.7097334568,1.55749028369858,"-2 to 2"
"150",13962190,2020-04-08 09:36:33,"MICP010406","TCACOPARDO","IRM001B_CL","Phosphorus","PCT_M-M",0.4651586397,"T","MICP01-20-0263",0.4651586397,0.0150317096669748,"-2 to 2"
"151",13962285,2020-04-08 10:09:44,"MICP010406","YYU","IRM001B_CL","Iron","MG_P_KG",86.815301994,"T","MICP01-20-0262",86.815301994,-0.284564491002558,"-2 to 2"
"152",13962285,2020-04-08 10:09:44,"MICP010406","YYU","IRM001B_CL","Zinc","MG_P_KG",37.589365787,"T","MICP01-20-0262",37.589365787,-0.144853155193203,"-2 to 2"
"153",13962285,2020-04-08 10:09:44,"MICP010406","YYU","IRM001B_CL","Calcium","PCT_M-M",0.6812773643,"T","MICP01-20-0262",0.6812773643,-1.11954241615749,"-2 to 2"
"154",13962285,2020-04-08 10:09:44,"MICP010406","YYU","IRM001B_CL","Magnesium","PCT_M-M",0.06592182361,"T","MICP01-20-0262",0.06592182361,-1.22064005064216,"-2 to 2"
"155",13962285,2020-04-08 10:09:44,"MICP010406","YYU","IRM001B_CL","Sodium","PCT_M-M",0.1701752614,"T","MICP01-20-0262",0.1701752614,-1.89313285504874,"-2 to 2"
"156",13962285,2020-04-08 10:09:44,"MICP010406","YYU","IRM001B_CL","Potassium","PCT_M-M",0.6776434333,"T","MICP01-20-0262",0.6776434333,-0.416110520461057,"-2 to 2"
"157",13965275,2020-04-08 16:14:57,"MICP010406","SLOUYEH","IRM001B_CL","Iron","MG_P_KG",88.009573514,"T","MICP01-20-0264",88.009573514,0.306235874424111,"-2 to 2"
"158",13965275,2020-04-08 16:14:57,"MICP010406","SLOUYEH","IRM001B_CL","Zinc","MG_P_KG",37.052329338,"T","MICP01-20-0264",37.052329338,-0.845172474699888,"-2 to 2"
"159",13965275,2020-04-08 16:14:57,"MICP010406","SLOUYEH","IRM001B_CL","Copper","MG_P_KG",0.2700984254,"T","MICP01-20-0264",0.2700984254,0.589219363823696,"-2 to 2"
"160",13965275,2020-04-08 16:14:57,"MICP010406","SLOUYEH","IRM001B_CL","Manganese","MG_P_KG",0.4845701284,"T","MICP01-20-0264",0.4845701284,-0.977861247503644,"-2 to 2"
"161",13965275,2020-04-08 16:14:57,"MICP010406","SLOUYEH","IRM001B_CL","Calcium","PCT_M-M",0.7062086868,"T","MICP01-20-0264",0.7062086868,0.495113161678529,"-2 to 2"
"162",13965275,2020-04-08 16:14:57,"MICP010406","SLOUYEH","IRM001B_CL","Magnesium","PCT_M-M",0.06844485724,"T","MICP01-20-0264",0.06844485724,0.607058844909041,"-2 to 2"
"163",13965275,2020-04-08 16:14:57,"MICP010406","SLOUYEH","IRM001B_CL","Sodium","PCT_M-M",0.1715075647,"T","MICP01-20-0264",0.1715075647,-1.62353203411472,"-2 to 2"
"164",13965275,2020-04-08 16:14:57,"MICP010406","SLOUYEH","IRM001B_CL","Potassium","PCT_M-M",0.7111526832,"T","MICP01-20-0264",0.7111526832,1.64477555366183,"-2 to 2"
"165",13965275,2020-04-08 16:14:57,"MICP010406","SLOUYEH","IRM001B_CL","Phosphorus","PCT_M-M",0.4476862209,"T","MICP01-20-0264",0.4476862209,-0.679698595288657,"-2 to 2"
"166",13966265,2020-04-08 18:27:34,"MICP010406","APOWERS","IRM001B_CL","Iron","MG_P_KG",90.887974581,"T","MICP01-20-0268",90.887974581,1.73016701047608,"-2 to 2"
"167",13966265,2020-04-08 18:27:34,"MICP010406","APOWERS","IRM001B_CL","Zinc","MG_P_KG",38.035515445,"T","MICP01-20-0268",38.035515445,0.43694576268379,"-2 to 2"
"168",13966265,2020-04-08 18:27:34,"MICP010406","APOWERS","IRM001B_CL","Copper","MG_P_KG",0.1985262765,"T","MICP01-20-0268",0.1985262765,-0.705410287535853,"-2 to 2"
"169",13966265,2020-04-08 18:27:34,"MICP010406","APOWERS","IRM001B_CL","Manganese","MG_P_KG",0.5015946698,"T","MICP01-20-0268",0.5015946698,-0.155572482993065,"-2 to 2"
"170",13966265,2020-04-08 18:27:34,"MICP010406","APOWERS","IRM001B_CL","Calcium","PCT_M-M",0.7213989253,"T","MICP01-20-0268",0.7213989253,1.47889584399249,"-2 to 2"
"171",13966265,2020-04-08 18:27:34,"MICP010406","APOWERS","IRM001B_CL","Magnesium","PCT_M-M",0.06902313183,"T","MICP01-20-0268",0.06902313183,1.02596401402814,"-2 to 2"
"172",13966265,2020-04-08 18:27:34,"MICP010406","APOWERS","IRM001B_CL","Sodium","PCT_M-M",0.1757104326,"T","MICP01-20-0268",0.1757104326,-0.773052540355878,"-2 to 2"
"173",13966265,2020-04-08 18:27:34,"MICP010406","APOWERS","IRM001B_CL","Potassium","PCT_M-M",0.7159388327,"T","MICP01-20-0268",0.7159388327,1.93913334688776,"-2 to 2"
"174",13966265,2020-04-08 18:27:34,"MICP010406","APOWERS","IRM001B_CL","Phosphorus","PCT_M-M",0.4866556778,"T","MICP01-20-0268",0.4866556778,0.86978708188,"-2 to 2"
"175",13966875,2020-04-09 05:54:50,"MICP010406","CYCHUNG","IRM001B_CL","Iron","MG_P_KG",85.758916135,"T","MICP01-20-0266",85.758916135,-0.807153484440799,"-2 to 2"
"176",13966875,2020-04-09 05:54:50,"MICP010406","CYCHUNG","IRM001B_CL","Zinc","MG_P_KG",36.825483571,"T","MICP01-20-0266",36.825483571,-1.14098940383799,"-2 to 2"
"177",13966875,2020-04-09 05:54:50,"MICP010406","CYCHUNG","IRM001B_CL","Copper","MG_P_KG",0.1758583587,"T","MICP01-20-0266",0.1758583587,-1.11543791657161,"-2 to 2"
"178",13966875,2020-04-09 05:54:50,"MICP010406","CYCHUNG","IRM001B_CL","Manganese","MG_P_KG",0.4721356006,"T","MICP01-20-0266",0.4721356006,-1.57845143444016,"-2 to 2"
"179",13966875,2020-04-09 05:54:50,"MICP010406","CYCHUNG","IRM001B_CL","Calcium","PCT_M-M",0.7047931086,"T","MICP01-20-0266",0.7047931086,0.403434461661988,"-2 to 2"
"180",13966875,2020-04-09 05:54:50,"MICP010406","CYCHUNG","IRM001B_CL","Magnesium","PCT_M-M",0.0678502973,"T","MICP01-20-0266",0.0678502973,0.176356482183502,"-2 to 2"
"181",13966875,2020-04-09 05:54:50,"MICP010406","CYCHUNG","IRM001B_CL","Sodium","PCT_M-M",0.1756142749,"T","MICP01-20-0266",0.1756142749,-0.792510718429237,"-2 to 2"
"182",13966875,2020-04-09 05:54:50,"MICP010406","CYCHUNG","IRM001B_CL","Potassium","PCT_M-M",0.703552534,"T","MICP01-20-0266",0.703552534,1.17735113520189,"-2 to 2"
"183",13966875,2020-04-09 05:54:50,"MICP010406","CYCHUNG","IRM001B_CL","Phosphorus","PCT_M-M",0.4535563447,"T","MICP01-20-0266",0.4535563447,-0.446293424294168,"-2 to 2"
"184",13966916,2020-04-09 06:19:24,"MICP010406","YYU","IRM001B_CL","Iron","MG_P_KG",87.696881647,"T","MICP01-20-0265",87.696881647,0.151548714765856,"-2 to 2"
"185",13966916,2020-04-09 06:19:24,"MICP010406","YYU","IRM001B_CL","Zinc","MG_P_KG",37.11438349,"T","MICP01-20-0265",37.11438349,-0.764251111574299,"-2 to 2"
"186",13966916,2020-04-09 06:19:24,"MICP010406","YYU","IRM001B_CL","Copper","MG_P_KG",0.1533627156,"T","MICP01-20-0265",0.1533627156,-1.52234936231222,"-2 to 2"
"187",13966916,2020-04-09 06:19:24,"MICP010406","YYU","IRM001B_CL","Manganese","MG_P_KG",0.4818226085,"T","MICP01-20-0265",0.4818226085,-1.11056700978863,"-2 to 2"
"188",13966916,2020-04-09 06:19:24,"MICP010406","YYU","IRM001B_CL","Calcium","PCT_M-M",0.7122838363,"T","MICP01-20-0265",0.7122838363,0.888564974207233,"-2 to 2"
"189",13966916,2020-04-09 06:19:24,"MICP010406","YYU","IRM001B_CL","Magnesium","PCT_M-M",0.06853405517,"T","MICP01-20-0265",0.06853405517,0.671674296803133,"-2 to 2"
"190",13966916,2020-04-09 06:19:24,"MICP010406","YYU","IRM001B_CL","Sodium","PCT_M-M",0.1743159699,"T","MICP01-20-0265",0.1743159699,-1.05523174735917,"-2 to 2"
"191",13966916,2020-04-09 06:19:24,"MICP010406","YYU","IRM001B_CL","Potassium","PCT_M-M",0.7094312762,"T","MICP01-20-0265",0.7094312762,1.53890557075309,"-2 to 2"
"192",13966916,2020-04-09 06:19:24,"MICP010406","YYU","IRM001B_CL","Phosphorus","PCT_M-M",0.4931386537,"T","MICP01-20-0265",0.4931386537,1.12756019707267,"-2 to 2"
"193",13967733,2020-04-09 08:47:59,"MICP010406","YYU","IRM001B_CL","Iron","MG_P_KG",88.709775846,"T","MICP01-20-0267",88.709775846,0.652622593600172,"-2 to 2"
"194",13967733,2020-04-09 08:47:59,"MICP010406","YYU","IRM001B_CL","Zinc","MG_P_KG",36.781504029,"T","MICP01-20-0267",36.781504029,-1.19834067484205,"-2 to 2"
"195",13967733,2020-04-09 08:47:59,"MICP010406","YYU","IRM001B_CL","Copper","MG_P_KG",0.2125376983,"T","MICP01-20-0267",0.2125376983,-0.45196530371498,"-2 to 2"
"196",13967733,2020-04-09 08:47:59,"MICP010406","YYU","IRM001B_CL","Manganese","MG_P_KG",0.5155417879,"T","MICP01-20-0267",0.5155417879,0.518076118838417,"-2 to 2"
"197",13967733,2020-04-09 08:47:59,"MICP010406","YYU","IRM001B_CL","Calcium","PCT_M-M",0.6861012993,"T","MICP01-20-0267",0.6861012993,-0.807124430514396,"-2 to 2"
"198",13967733,2020-04-09 08:47:59,"MICP010406","YYU","IRM001B_CL","Magnesium","PCT_M-M",0.06547966945,"T","MICP01-20-0267",0.06547966945,-1.54093886088647,"-2 to 2"
"199",13967733,2020-04-09 08:47:59,"MICP010406","YYU","IRM001B_CL","Sodium","PCT_M-M",0.1697941955,"T","MICP01-20-0267",0.1697941955,-1.97024418508144,"-2 to 2"
"200",13967733,2020-04-09 08:47:59,"MICP010406","YYU","IRM001B_CL","Potassium","PCT_M-M",0.6810055661,"T","MICP01-20-0267",0.6810055661,-0.20933261025568,"-2 to 2"
"201",13973773,2020-04-10 09:04:18,"MICP010406","GVEMULA","IRM001B_CL","Iron","MG_P_KG",86.210605983,"T","MICP01-20-0269",86.210605983,-0.5837046934507,"-2 to 2"
"202",13973773,2020-04-10 09:04:18,"MICP010406","GVEMULA","IRM001B_CL","Calcium","PCT_M-M",0.7147559448,"T","MICP01-20-0269",0.7147559448,1.04866894697245,"-2 to 2"
"203",13973773,2020-04-10 09:04:18,"MICP010406","GVEMULA","IRM001B_CL","Sodium","PCT_M-M",0.1711106947,"T","MICP01-20-0269",0.1711106947,-1.70384143348653,"-2 to 2"
"204",13977998,2020-04-14 05:38:33,"MICP010406","CYCHUNG","IRM001B_CL","Iron","MG_P_KG",86.137714816,"T","MICP01-20-0271",86.137714816,-0.619763602483357,"-2 to 2"
"205",13977998,2020-04-14 05:38:33,"MICP010406","CYCHUNG","IRM001B_CL","Zinc","MG_P_KG",37.502066344,"T","MICP01-20-0271",37.502066344,-0.258695496116085,"-2 to 2"
"206",13977998,2020-04-14 05:38:33,"MICP010406","CYCHUNG","IRM001B_CL","Calcium","PCT_M-M",0.7039460808,"T","MICP01-20-0271",0.7039460808,0.348577437456706,"-2 to 2"
"207",13977998,2020-04-14 05:38:33,"MICP010406","CYCHUNG","IRM001B_CL","Magnesium","PCT_M-M",0.067877766,"T","MICP01-20-0271",0.067877766,0.196254953632825,"-2 to 2"
"208",13977998,2020-04-14 05:38:33,"MICP010406","CYCHUNG","IRM001B_CL","Sodium","PCT_M-M",0.1748156244,"T","MICP01-20-0271",0.1748156244,-0.954123190934082,"-2 to 2"
"209",13977998,2020-04-14 05:38:33,"MICP010406","CYCHUNG","IRM001B_CL","Potassium","PCT_M-M",0.7064678016,"T","MICP01-20-0271",0.7064678016,1.35664593938615,"-2 to 2"
"210",13977998,2020-04-14 05:38:33,"MICP010406","CYCHUNG","IRM001B_CL","Phosphorus","PCT_M-M",0.4924770728,"T","MICP01-20-0271",0.4924770728,1.10125472067178,"-2 to 2"
"211",13982575,2020-04-15 05:54:43,"MICP010406","YYU","IRM001B_CL","Iron","MG_P_KG",88.119980332,"T","MICP01-20-0274",88.119980332,0.360853595208406,"-2 to 2"
"212",13982575,2020-04-15 05:54:43,"MICP010406","YYU","IRM001B_CL","Zinc","MG_P_KG",37.297236722,"T","MICP01-20-0274",37.297236722,-0.525802396887825,"-2 to 2"
"213",13982575,2020-04-15 05:54:43,"MICP010406","YYU","IRM001B_CL","Copper","MG_P_KG",0.1898493719,"T","MICP01-20-0274",0.1898493719,-0.862362092809622,"-2 to 2"
"214",13982575,2020-04-15 05:54:43,"MICP010406","YYU","IRM001B_CL","Manganese","MG_P_KG",0.4909203414,"T","MICP01-20-0274",0.4909203414,-0.671144685837611,"-2 to 2"
"215",13982575,2020-04-15 05:54:43,"MICP010406","YYU","IRM001B_CL","Calcium","PCT_M-M",0.6898738828,"T","MICP01-20-0274",0.6898738828,-0.562796317108976,"-2 to 2"
"216",13982575,2020-04-15 05:54:43,"MICP010406","YYU","IRM001B_CL","Magnesium","PCT_M-M",0.06632826525,"T","MICP01-20-0274",0.06632826525,-0.926211578622935,"-2 to 2"
"217",13982575,2020-04-15 05:54:43,"MICP010406","YYU","IRM001B_CL","Sodium","PCT_M-M",0.1699665074,"T","MICP01-20-0274",0.1699665074,-1.93537567601395,"-2 to 2"
"218",13982575,2020-04-15 05:54:43,"MICP010406","YYU","IRM001B_CL","Potassium","PCT_M-M",0.6803133342,"T","MICP01-20-0274",0.6803133342,-0.251906260427827,"-2 to 2"
"219",13982575,2020-04-15 05:54:43,"MICP010406","YYU","IRM001B_CL","Phosphorus","PCT_M-M",0.4844227157,"T","MICP01-20-0274",0.4844227157,0.78100106670691,"-2 to 2"
"220",13983413,2020-04-15 09:07:00,"MICP010406","YYU","IRM001B_CL","Iron","MG_P_KG",85.401279035,"T","MICP01-20-0275",85.401279035,-0.984074834260928,"-2 to 2"
"221",13983413,2020-04-15 09:07:00,"MICP010406","YYU","IRM001B_CL","Zinc","MG_P_KG",36.017073734,"T","MICP01-20-0275",36.017073734,-2.19519164278202,"-2 to -3"
"222",13983413,2020-04-15 09:07:00,"MICP010406","YYU","IRM001B_CL","Calcium","PCT_M-M",0.6778246441,"T","MICP01-20-0275",0.6778246441,-1.34315485908494,"-2 to 2"
"223",13983413,2020-04-15 09:07:00,"MICP010406","YYU","IRM001B_CL","Magnesium","PCT_M-M",0.06534019239,"T","MICP01-20-0275",0.06534019239,-1.64197678027272,"-2 to 2"
"224",13983413,2020-04-15 09:07:00,"MICP010406","YYU","IRM001B_CL","Potassium","PCT_M-M",0.6704838328,"T","MICP01-20-0275",0.6704838328,-0.856440310318072,"-2 to 2"
"225",13983413,2020-04-15 09:07:00,"MICP010406","YYU","IRM001B_CL","Phosphorus","PCT_M-M",0.3975330204,"T","MICP01-20-0275",0.3975330204,-2.67386715756384,"-2 to -3"
"226",13983461,2020-04-15 09:19:02,"MICP010406","APOWERS","IRM001B_CL","Iron","MG_P_KG",88.973906214,"T","MICP01-20-0277",88.973906214,0.783286613734118,"-2 to 2"
"227",13983461,2020-04-15 09:19:02,"MICP010406","APOWERS","IRM001B_CL","Zinc","MG_P_KG",39.536892122,"T","MICP01-20-0277",39.536892122,2.39480745851041,"2 to 3"
"228",13983461,2020-04-15 09:19:02,"MICP010406","APOWERS","IRM001B_CL","Copper","MG_P_KG",0.2444395744,"T","MICP01-20-0277",0.2444395744,0.125090371821101,"-2 to 2"
"229",13983461,2020-04-15 09:19:02,"MICP010406","APOWERS","IRM001B_CL","Manganese","MG_P_KG",0.5406679135,"T","MICP01-20-0277",0.5406679135,1.73167302527618,"-2 to 2"
"230",13983461,2020-04-15 09:19:02,"MICP010406","APOWERS","IRM001B_CL","Calcium","PCT_M-M",0.7304034509,"T","MICP01-20-0277",0.7304034509,2.06206617062908,"2 to 3"
"231",13983461,2020-04-15 09:19:02,"MICP010406","APOWERS","IRM001B_CL","Magnesium","PCT_M-M",0.07103163971,"T","MICP01-20-0277",0.07103163971,2.48093773706245,"2 to 3"
"232",13983461,2020-04-15 09:19:02,"MICP010406","APOWERS","IRM001B_CL","Sodium","PCT_M-M",0.1898063772,"T","MICP01-20-0277",0.1898063772,2.07935969640766,"2 to 3"
"233",13983461,2020-04-15 09:19:02,"MICP010406","APOWERS","IRM001B_CL","Potassium","PCT_M-M",0.7090849251,"T","MICP01-20-0277",0.7090849251,1.51760428347041,"-2 to 2"
"234",13983461,2020-04-15 09:19:02,"MICP010406","APOWERS","IRM001B_CL","Phosphorus","PCT_M-M",0.5070199663,"T","MICP01-20-0277",0.5070199663,1.67950258388076,"-2 to 2"
"235",13988464,2020-04-16 05:38:16,"MICP010406","SLOUYEH","IRM001B_CL","Iron","MG_P_KG",88.036011666,"T","MICP01-20-0280",88.036011666,0.319314700805907,"-2 to 2"
"236",13988464,2020-04-16 05:38:16,"MICP010406","SLOUYEH","IRM001B_CL","Zinc","MG_P_KG",38.615846198,"T","MICP01-20-0280",38.615846198,1.19372277248739,"-2 to 2"
"237",13988464,2020-04-16 05:38:16,"MICP010406","SLOUYEH","IRM001B_CL","Copper","MG_P_KG",0.223946919,"T","MICP01-20-0280",0.223946919,-0.245590119454931,"-2 to 2"
"238",13988464,2020-04-16 05:38:16,"MICP010406","SLOUYEH","IRM001B_CL","Calcium","PCT_M-M",0.728546691,"T","MICP01-20-0280",0.728546691,1.94181471869598,"-2 to 2"
"239",13988464,2020-04-16 05:38:16,"MICP010406","SLOUYEH","IRM001B_CL","Sodium","PCT_M-M",0.1882535861,"T","MICP01-20-0280",0.1882535861,1.7651416386283,"-2 to 2"
"240",13988464,2020-04-16 05:38:16,"MICP010406","SLOUYEH","IRM001B_CL","Phosphorus","PCT_M-M",0.4495039699,"T","MICP01-20-0280",0.4495039699,-0.60742209301624,"-2 to 2"
"241",13988527,2020-04-16 05:56:02,"MICP010406","YYU","IRM001B_CL","Iron","MG_P_KG",84.645742822,"T","MICP01-20-0279",84.645742822,-1.35783495769875,"-2 to 2"
"242",13988527,2020-04-16 05:56:02,"MICP010406","YYU","IRM001B_CL","Zinc","MG_P_KG",38.501674368,"T","MICP01-20-0279",38.501674368,1.04483764850499,"-2 to 2"
"243",13988527,2020-04-16 05:56:02,"MICP010406","YYU","IRM001B_CL","Copper","MG_P_KG",0.1732312515,"T","MICP01-20-0279",0.1732312515,-1.16295822902125,"-2 to 2"
"244",13988527,2020-04-16 05:56:02,"MICP010406","YYU","IRM001B_CL","Manganese","MG_P_KG",0.5224199442,"T","MICP01-20-0279",0.5224199442,0.850292447792668,"-2 to 2"
"245",13988527,2020-04-16 05:56:02,"MICP010406","YYU","IRM001B_CL","Calcium","PCT_M-M",0.7174523665,"T","MICP01-20-0279",0.7174523665,1.22330037048009,"-2 to 2"
"246",13988527,2020-04-16 05:56:02,"MICP010406","YYU","IRM001B_CL","Magnesium","PCT_M-M",0.0702640697,"T","MICP01-20-0279",0.0702640697,1.92490596528808,"-2 to 2"
"247",13988527,2020-04-16 05:56:02,"MICP010406","YYU","IRM001B_CL","Sodium","PCT_M-M",0.1874043765,"T","MICP01-20-0279",0.1874043765,1.59329818128263,"-2 to 2"
"248",13988527,2020-04-16 05:56:02,"MICP010406","YYU","IRM001B_CL","Potassium","PCT_M-M",0.7043524723,"T","MICP01-20-0279",0.7043524723,1.22654894498717,"-2 to 2"
"249",13988527,2020-04-16 05:56:02,"MICP010406","YYU","IRM001B_CL","Phosphorus","PCT_M-M",0.4249389926,"T","MICP01-20-0279",0.4249389926,-1.58416345700284,"-2 to 2"
"250",13989121,2020-04-16 08:23:35,"MICP010406","CYCHUNG","IRM001B_CL","Iron","MG_P_KG",87.665329666,"T","MICP01-20-0282",87.665329666,0.135940101822687,"-2 to 2"
"251",13989121,2020-04-16 08:23:35,"MICP010406","CYCHUNG","IRM001B_CL","Zinc","MG_P_KG",38.447363033,"T","MICP01-20-0282",38.447363033,0.974013261744045,"-2 to 2"
"252",13989121,2020-04-16 08:23:35,"MICP010406","CYCHUNG","IRM001B_CL","Manganese","MG_P_KG",0.5038436097,"T","MICP01-20-0282",0.5038436097,-0.0469482347164257,"-2 to 2"
"253",13989121,2020-04-16 08:23:35,"MICP010406","CYCHUNG","IRM001B_CL","Calcium","PCT_M-M",0.7140550104,"T","MICP01-20-0282",0.7140550104,1.00327353569183,"-2 to 2"
"254",13989121,2020-04-16 08:23:35,"MICP010406","CYCHUNG","IRM001B_CL","Magnesium","PCT_M-M",0.06899586,"T","MICP01-20-0282",0.06899586,1.00620815624726,"-2 to 2"
"255",13989121,2020-04-16 08:23:35,"MICP010406","CYCHUNG","IRM001B_CL","Sodium","PCT_M-M",0.1854539675,"T","MICP01-20-0282",0.1854539675,1.19861938137491,"-2 to 2"
"256",13989121,2020-04-16 08:23:35,"MICP010406","CYCHUNG","IRM001B_CL","Potassium","PCT_M-M",0.6910515323,"T","MICP01-20-0282",0.6910515323,0.408514458970701,"-2 to 2"
"257",13989121,2020-04-16 08:23:35,"MICP010406","CYCHUNG","IRM001B_CL","Phosphorus","PCT_M-M",0.4472456533,"T","MICP01-20-0282",0.4472456533,-0.697216242192906,"-2 to 2"
"258",13989513,2020-04-16 09:15:20,"MICP010406","YYU","IRM001B_CL","Iron","MG_P_KG",83.929682953,"T","MICP01-20-0281",83.929682953,-1.71206632400696,"-2 to 2"
"259",13989513,2020-04-16 09:15:20,"MICP010406","YYU","IRM001B_CL","Zinc","MG_P_KG",37.135821503,"T","MICP01-20-0281",37.135821503,-0.736294992946425,"-2 to 2"
"260",13989513,2020-04-16 09:15:20,"MICP010406","YYU","IRM001B_CL","Copper","MG_P_KG",0.1794446232,"T","MICP01-20-0281",0.1794446232,-1.05056792970276,"-2 to 2"
"261",13989513,2020-04-16 09:15:20,"MICP010406","YYU","IRM001B_CL","Manganese","MG_P_KG",0.48844077,"T","MICP01-20-0281",0.48844077,-0.790908481825782,"-2 to 2"
"262",13989513,2020-04-16 09:15:20,"MICP010406","YYU","IRM001B_CL","Calcium","PCT_M-M",0.6616106476,"T","MICP01-20-0281",0.6616106476,-2.39324034443128,"-2 to -3"
"263",13989513,2020-04-16 09:15:20,"MICP010406","YYU","IRM001B_CL","Magnesium","PCT_M-M",0.06486075644,"T","MICP01-20-0281",0.06486075644,-1.98928271622353,"-2 to 2"
"264",13989513,2020-04-16 09:15:20,"MICP010406","YYU","IRM001B_CL","Sodium","PCT_M-M",0.1758157597,"T","MICP01-20-0281",0.1758157597,-0.751738870543157,"-2 to 2"
"265",13989513,2020-04-16 09:15:20,"MICP010406","YYU","IRM001B_CL","Potassium","PCT_M-M",0.6679480175,"T","MICP01-20-0281",0.6679480175,-1.01239803703274,"-2 to 2"
"266",13989513,2020-04-16 09:15:20,"MICP010406","YYU","IRM001B_CL","Phosphorus","PCT_M-M",0.4466316825,"T","MICP01-20-0281",0.4466316825,-0.721628667627548,"-2 to 2"
"267",13992877,2020-04-16 16:56:46,"MICP010406","YYU","IRM001B_CL","Iron","MG_P_KG",86.431978726,"T","MICP01-20-0284",86.431978726,-0.474192664343696,"-2 to 2"
"268",13992877,2020-04-16 16:56:46,"MICP010406","YYU","IRM001B_CL","Zinc","MG_P_KG",36.814046743,"T","MICP01-20-0284",36.814046743,-1.15590353418648,"-2 to 2"
"269",13992877,2020-04-16 16:56:46,"MICP010406","YYU","IRM001B_CL","Copper","MG_P_KG",0.3025701031,"T","MICP01-20-0284",0.3025701031,1.17658187041193,"-2 to 2"
"270",13992877,2020-04-16 16:56:46,"MICP010406","YYU","IRM001B_CL","Calcium","PCT_M-M",0.6931999686,"T","MICP01-20-0284",0.6931999686,-0.347385241770665,"-2 to 2"
"271",13992877,2020-04-16 16:56:46,"MICP010406","YYU","IRM001B_CL","Magnesium","PCT_M-M",0.06762720464,"T","MICP01-20-0284",0.06762720464,0.0147469802572064,"-2 to 2"
"272",13992877,2020-04-16 16:56:46,"MICP010406","YYU","IRM001B_CL","Sodium","PCT_M-M",0.1790896446,"T","MICP01-20-0284",0.1790896446,-0.0892455353667845,"-2 to 2"
"273",13992877,2020-04-16 16:56:46,"MICP010406","YYU","IRM001B_CL","Potassium","PCT_M-M",0.677124125,"T","MICP01-20-0284",0.677124125,-0.448049022422167,"-2 to 2"
"274",13992877,2020-04-16 16:56:46,"MICP010406","YYU","IRM001B_CL","Phosphorus","PCT_M-M",0.4904645266,"T","MICP01-20-0284",0.4904645266,1.02123278145045,"-2 to 2"
"275",13992877,2020-04-16 16:56:46,"MICP010406","YYU","IRM001B_CL","Sulphur","PCT_M-M",0.2002713162,"T","MICP01-20-0284",0.2002713162,-0.0965291737607735,"-2 to 2"
"276",13994317,2020-04-17 05:48:51,"MICP010406","SLOUYEH","IRM001B_CL","Sodium","PCT_M-M",0.1765921018,"T","MICP01-20-0283",0.1765921018,-0.594640657631993,"-2 to 2"
"277",13994385,2020-04-17 06:37:25,"MICP010406","YYU","IRM001B_CL","Iron","MG_P_KG",87.631328954,"T","MICP01-20-0287",87.631328954,0.119120113454906,"-2 to 2"
"278",13994385,2020-04-17 06:37:25,"MICP010406","YYU","IRM001B_CL","Zinc","MG_P_KG",36.774754697,"T","MICP01-20-0287",36.774754697,-1.20714210275661,"-2 to 2"
"279",13994385,2020-04-17 06:37:25,"MICP010406","YYU","IRM001B_CL","Copper","MG_P_KG",0.2874490292,"T","MICP01-20-0287",0.2874490292,0.903064993635037,"-2 to 2"
"280",13994385,2020-04-17 06:37:25,"MICP010406","YYU","IRM001B_CL","Manganese","MG_P_KG",0.4896797307,"T","MICP01-20-0287",0.4896797307,-0.731066431497182,"-2 to 2"
"281",13994385,2020-04-17 06:37:25,"MICP010406","YYU","IRM001B_CL","Calcium","PCT_M-M",0.6711180248,"T","MICP01-20-0287",0.6711180248,-1.7775032680459,"-2 to 2"
"282",13994385,2020-04-17 06:37:25,"MICP010406","YYU","IRM001B_CL","Magnesium","PCT_M-M",0.06606418367,"T","MICP01-20-0287",0.06606418367,-1.11751367081955,"-2 to 2"
"283",13994385,2020-04-17 06:37:25,"MICP010406","YYU","IRM001B_CL","Sodium","PCT_M-M",0.1790121636,"T","MICP01-20-0287",0.1790121636,-0.104924353550892,"-2 to 2"
"284",13994385,2020-04-17 06:37:25,"MICP010406","YYU","IRM001B_CL","Potassium","PCT_M-M",0.6788816823,"T","MICP01-20-0287",0.6788816823,-0.339955723561332,"-2 to 2"
"285",13994385,2020-04-17 06:37:25,"MICP010406","YYU","IRM001B_CL","Phosphorus","PCT_M-M",0.4790528777,"T","MICP01-20-0287",0.4790528777,0.567488030303367,"-2 to 2"
"286",13994385,2020-04-17 06:37:25,"MICP010406","YYU","IRM001B_CL","Sulphur","PCT_M-M",0.2034395775,"T","MICP01-20-0287",0.2034395775,0.704369184588771,"-2 to 2"
"287",13994393,2020-04-17 06:39:38,"MICP010406","CYCHUNG","IRM001B_CL","Iron","MG_P_KG",89.727970375,"T","MICP01-20-0286",89.727970375,1.15631852014176,"-2 to 2"
"288",13994393,2020-04-17 06:39:38,"MICP010406","CYCHUNG","IRM001B_CL","Zinc","MG_P_KG",38.478662485,"T","MICP01-20-0286",38.478662485,1.01482913367674,"-2 to 2"
"289",13994393,2020-04-17 06:39:38,"MICP010406","CYCHUNG","IRM001B_CL","Copper","MG_P_KG",0.2736412938,"T","MICP01-20-0286",0.2736412938,0.653304382256121,"-2 to 2"
"290",13994393,2020-04-17 06:39:38,"MICP010406","CYCHUNG","IRM001B_CL","Manganese","MG_P_KG",0.5318543016,"T","MICP01-20-0286",0.5318543016,1.30597380261596,"-2 to 2"
"291",13994393,2020-04-17 06:39:38,"MICP010406","CYCHUNG","IRM001B_CL","Calcium","PCT_M-M",0.6800879972,"T","MICP01-20-0286",0.6800879972,-1.19657074957661,"-2 to 2"
"292",13994393,2020-04-17 06:39:38,"MICP010406","CYCHUNG","IRM001B_CL","Magnesium","PCT_M-M",0.06730678229,"T","MICP01-20-0286",0.06730678229,-0.217368663482706,"-2 to 2"
"293",13994393,2020-04-17 06:39:38,"MICP010406","CYCHUNG","IRM001B_CL","Sodium","PCT_M-M",0.1831272661,"T","MICP01-20-0286",0.1831272661,0.727795202294712,"-2 to 2"
"294",13994393,2020-04-17 06:39:38,"MICP010406","CYCHUNG","IRM001B_CL","Potassium","PCT_M-M",0.6886302689,"T","MICP01-20-0286",0.6886302689,0.259601903848316,"-2 to 2"
"295",13994393,2020-04-17 06:39:38,"MICP010406","CYCHUNG","IRM001B_CL","Phosphorus","PCT_M-M",0.4563230778,"T","MICP01-20-0286",0.4563230778,-0.336283851361208,"-2 to 2"
"296",13995327,2020-04-17 09:21:49,"MICP010406","YYU","IRM001B_CL","Iron","MG_P_KG",87.444115754,"T","MICP01-20-0285",87.444115754,0.0265066456459296,"-2 to 2"
"297",13995327,2020-04-17 09:21:49,"MICP010406","YYU","IRM001B_CL","Zinc","MG_P_KG",38.668425044,"T","MICP01-20-0285",38.668425044,1.26228791684534,"-2 to 2"
"298",13995327,2020-04-17 09:21:49,"MICP010406","YYU","IRM001B_CL","Copper","MG_P_KG",0.2758280855,"T","MICP01-20-0285",0.2758280855,0.69286006724921,"-2 to 2"
"299",13995327,2020-04-17 09:21:49,"MICP010406","YYU","IRM001B_CL","Calcium","PCT_M-M",0.680265118,"T","MICP01-20-0285",0.680265118,-1.18509967387773,"-2 to 2"
"300",13995327,2020-04-17 09:21:49,"MICP010406","YYU","IRM001B_CL","Magnesium","PCT_M-M",0.06804433989,"T","MICP01-20-0285",0.06804433989,0.31692195987509,"-2 to 2"
"301",13995327,2020-04-17 09:21:49,"MICP010406","YYU","IRM001B_CL","Sodium","PCT_M-M",0.186347412,"T","MICP01-20-0285",0.186347412,1.37941407779199,"-2 to 2"
"302",13995327,2020-04-17 09:21:49,"MICP010406","YYU","IRM001B_CL","Potassium","PCT_M-M",0.6992392678,"T","MICP01-20-0285",0.6992392678,0.912076613328311,"-2 to 2"
"303",13995327,2020-04-17 09:21:49,"MICP010406","YYU","IRM001B_CL","Phosphorus","PCT_M-M",0.5096077139,"T","MICP01-20-0285",0.5096077139,1.78239541743029,"-2 to 2"
"304",13998611,2020-04-17 16:52:55,"MICP010406","TCACOPARDO","IRM001B_CL","Iron","MG_P_KG",87.402894277,"T","MICP01-20-0288",87.402894277,0.00611457963147487,"-2 to 2"
"305",13998611,2020-04-17 16:52:55,"MICP010406","TCACOPARDO","IRM001B_CL","Zinc","MG_P_KG",38.129816157,"T","MICP01-20-0288",38.129816157,0.559918068529711,"-2 to 2"
"306",13998611,2020-04-17 16:52:55,"MICP010406","TCACOPARDO","IRM001B_CL","Copper","MG_P_KG",0.2180163043,"T","MICP01-20-0288",0.2180163043,-0.352865781278868,"-2 to 2"
"307",13998611,2020-04-17 16:52:55,"MICP010406","TCACOPARDO","IRM001B_CL","Manganese","MG_P_KG",0.4822031421,"T","MICP01-20-0288",0.4822031421,-1.09218716057878,"-2 to 2"
"308",13998611,2020-04-17 16:52:55,"MICP010406","TCACOPARDO","IRM001B_CL","Calcium","PCT_M-M",0.6961751942,"T","MICP01-20-0288",0.6961751942,-0.154697324378379,"-2 to 2"
"309",13998611,2020-04-17 16:52:55,"MICP010406","TCACOPARDO","IRM001B_CL","Magnesium","PCT_M-M",0.06680862755,"T","MICP01-20-0288",0.06680862755,-0.578234589836454,"-2 to 2"
"310",13998611,2020-04-17 16:52:55,"MICP010406","TCACOPARDO","IRM001B_CL","Sodium","PCT_M-M",0.1754912679,"T","MICP01-20-0288",0.1754912679,-0.817402038731929,"-2 to 2"
"311",13998611,2020-04-17 16:52:55,"MICP010406","TCACOPARDO","IRM001B_CL","Potassium","PCT_M-M",0.6600754919,"T","MICP01-20-0288",0.6600754919,-1.49657415036364,"-2 to 2"
"312",13998611,2020-04-17 16:52:55,"MICP010406","TCACOPARDO","IRM001B_CL","Phosphorus","PCT_M-M",0.453826014,"T","MICP01-20-0288",0.453826014,-0.435570957235047,"-2 to 2"
"313",13999811,2020-04-18 05:50:23,"MICP010406","SLOUYEH","IRM001B_CL","Iron","MG_P_KG",89.403616017,"T","MICP01-20-0289",89.403616017,0.995861982390507,"-2 to 2"
"314",13999811,2020-04-18 05:50:23,"MICP010406","SLOUYEH","IRM001B_CL","Copper","MG_P_KG",0.2971414019,"T","MICP01-20-0289",0.2971414019,1.07838504874446,"-2 to 2"
"315",13999811,2020-04-18 05:50:23,"MICP010406","SLOUYEH","IRM001B_CL","Manganese","MG_P_KG",0.5211626121,"T","MICP01-20-0289",0.5211626121,0.789563055159013,"-2 to 2"
"316",13999811,2020-04-18 05:50:23,"MICP010406","SLOUYEH","IRM001B_CL","Calcium","PCT_M-M",0.7328087201,"T","MICP01-20-0289",0.7328087201,2.21784135383395,"2 to 3"
"317",13999811,2020-04-18 05:50:23,"MICP010406","SLOUYEH","IRM001B_CL","Sodium","PCT_M-M",0.1917252779,"T","MICP01-20-0289",0.1917252779,2.46766257309563,"2 to 3"
"318",13999811,2020-04-18 05:50:23,"MICP010406","SLOUYEH","IRM001B_CL","Phosphorus","PCT_M-M",0.4736381914,"T","MICP01-20-0289",0.4736381914,0.352191756358854,"-2 to 2"
"319",14000149,2020-04-18 08:27:57,"MICP010406","SLOUYEH","IRM001B_CL","Manganese","MG_P_KG",0.5058895494,"T","MICP01-20-0290",0.5058895494,0.0518710631811462,"-2 to 2"
"320",14000149,2020-04-18 08:27:57,"MICP010406","SLOUYEH","IRM001B_CL","Calcium","PCT_M-M",0.6954295237,"T","MICP01-20-0290",0.6954295237,-0.202990030553621,"-2 to 2"
"321",14000149,2020-04-18 08:27:57,"MICP010406","SLOUYEH","IRM001B_CL","Magnesium","PCT_M-M",0.06789986811,"T","MICP01-20-0290",0.06789986811,0.212265838924249,"-2 to 2"
"322",14000149,2020-04-18 08:27:57,"MICP010406","SLOUYEH","IRM001B_CL","Sodium","PCT_M-M",0.18179805,"T","MICP01-20-0290",0.18179805,0.458819097710481,"-2 to 2"
"323",14000149,2020-04-18 08:27:57,"MICP010406","SLOUYEH","IRM001B_CL","Potassium","PCT_M-M",0.6953252415,"T","MICP01-20-0290",0.6953252415,0.671356146009799,"-2 to 2"
"324",14000149,2020-04-18 08:27:57,"MICP010406","SLOUYEH","IRM001B_CL","Phosphorus","PCT_M-M",0.4491057341,"T","MICP01-20-0290",0.4491057341,-0.623256562298666,"-2 to 2"
"325",14002845,2020-04-20 09:43:37,"MICP010406","YYU","IRM001B_CL","Iron","MG_P_KG",90.9106297,"T","MICP01-20-0293",90.9106297,1.74137438866424,"-2 to 2"
"326",14002845,2020-04-20 09:43:37,"MICP010406","YYU","IRM001B_CL","Calcium","PCT_M-M",0.6884590883,"T","MICP01-20-0293",0.6884590883,-0.654424261471599,"-2 to 2"
"327",14002845,2020-04-20 09:43:37,"MICP010406","YYU","IRM001B_CL","Sodium","PCT_M-M",0.1825247347,"T","MICP01-20-0293",0.1825247347,0.605868791034962,"-2 to 2"
"328",14006727,2020-04-21 05:52:47,"MICP010406","YYU","IRM001B_CL","Iron","MG_P_KG",89.326928821,"T","MICP01-20-0294",89.326928821,0.957925196105633,"-2 to 2"
"329",14006727,2020-04-21 05:52:47,"MICP010406","YYU","IRM001B_CL","Zinc","MG_P_KG",39.385713353,"T","MICP01-20-0294",39.385713353,2.19766364671313,"2 to 3"
"330",14006727,2020-04-21 05:52:47,"MICP010406","YYU","IRM001B_CL","Copper","MG_P_KG",0.2415400324,"T","MICP01-20-0294",0.2415400324,0.0726421345352933,"-2 to 2"
"331",14006727,2020-04-21 05:52:47,"MICP010406","YYU","IRM001B_CL","Manganese","MG_P_KG",0.5131196995,"T","MICP01-20-0294",0.5131196995,0.40108876328055,"-2 to 2"
"332",14006727,2020-04-21 05:52:47,"MICP010406","YYU","IRM001B_CL","Calcium","PCT_M-M",0.6883670299,"T","MICP01-20-0294",0.6883670299,-0.660386344271127,"-2 to 2"
"333",14006727,2020-04-21 05:52:47,"MICP010406","YYU","IRM001B_CL","Magnesium","PCT_M-M",0.06823386757,"T","MICP01-20-0294",0.06823386757,0.454216812901831,"-2 to 2"
"334",14006727,2020-04-21 05:52:47,"MICP010406","YYU","IRM001B_CL","Sodium","PCT_M-M",0.1847218397,"T","MICP01-20-0294",0.1847218397,1.05046823898217,"-2 to 2"
"335",14006727,2020-04-21 05:52:47,"MICP010406","YYU","IRM001B_CL","Potassium","PCT_M-M",0.7005354937,"T","MICP01-20-0294",0.7005354937,0.991797105854985,"-2 to 2"
"336",14006727,2020-04-21 05:52:47,"MICP010406","YYU","IRM001B_CL","Phosphorus","PCT_M-M",0.4903742664,"T","MICP01-20-0294",0.4903742664,1.01764389676372,"-2 to 2"
"337",14007562,2020-04-21 09:20:02,"MICP010406","YYU","IRM001B_CL","Iron","MG_P_KG",89.79630431,"T","MICP01-20-0295",89.79630431,1.19012298846655,"-2 to 2"
"338",14007562,2020-04-21 09:20:02,"MICP010406","YYU","IRM001B_CL","Zinc","MG_P_KG",38.420030458,"T","MICP01-20-0295",38.420030458,0.9383703731468,"-2 to 2"
"339",14007562,2020-04-21 09:20:02,"MICP010406","YYU","IRM001B_CL","Calcium","PCT_M-M",0.690478423,"T","MICP01-20-0295",0.690478423,-0.523643792971675,"-2 to 2"
"340",14007562,2020-04-21 09:20:02,"MICP010406","YYU","IRM001B_CL","Sodium","PCT_M-M",0.1826790382,"T","MICP01-20-0295",0.1826790382,0.637093175357206,"-2 to 2"
"341",14007890,2020-04-21 10:29:31,"MICP010406","GVEMULA","IRM001B_CL","Iron","MG_P_KG",86.66106733,"T","MICP01-20-0297",86.66106733,-0.360863635984815,"-2 to 2"
"342",14007890,2020-04-21 10:29:31,"MICP010406","GVEMULA","IRM001B_CL","Zinc","MG_P_KG",39.468228156,"T","MICP01-20-0297",39.468228156,2.30526660512274,"2 to 3"
"343",14007890,2020-04-21 10:29:31,"MICP010406","GVEMULA","IRM001B_CL","Manganese","MG_P_KG",0.5026981005,"T","MICP01-20-0297",0.5026981005,-0.102276558849933,"-2 to 2"
"344",14007890,2020-04-21 10:29:31,"MICP010406","GVEMULA","IRM001B_CL","Calcium","PCT_M-M",0.6999552779,"T","MICP01-20-0297",0.6999552779,0.0901165330049223,"-2 to 2"
"345",14007890,2020-04-21 10:29:31,"MICP010406","GVEMULA","IRM001B_CL","Magnesium","PCT_M-M",0.068667154,"T","MICP01-20-0297",0.068667154,0.768091792669073,"-2 to 2"
"346",14007890,2020-04-21 10:29:31,"MICP010406","GVEMULA","IRM001B_CL","Sodium","PCT_M-M",0.184391841,"T","MICP01-20-0297",0.184391841,0.983690711352265,"-2 to 2"
"347",14007890,2020-04-21 10:29:31,"MICP010406","GVEMULA","IRM001B_CL","Potassium","PCT_M-M",0.7019979901,"T","MICP01-20-0297",0.7019979901,1.08174356759941,"-2 to 2"
"348",14007890,2020-04-21 10:29:31,"MICP010406","GVEMULA","IRM001B_CL","Phosphorus","PCT_M-M",0.4762063291,"T","MICP01-20-0297",0.4762063291,0.454304870056028,"-2 to 2"
"349",14012481,2020-04-22 06:04:52,"MICP010406","YYU","IRM001B_CL","Iron","MG_P_KG",87.301658865,"T","MICP01-20-0298",87.301658865,-0.0439660908041094,"-2 to 2"
"350",14012481,2020-04-22 06:04:52,"MICP010406","YYU","IRM001B_CL","Zinc","MG_P_KG",37.615962174,"T","MICP01-20-0298",37.615962174,-0.110170288360118,"-2 to 2"
"351",14012481,2020-04-22 06:04:52,"MICP010406","YYU","IRM001B_CL","Copper","MG_P_KG",0.2697953448,"T","MICP01-20-0298",0.2697953448,0.583737103788999,"-2 to 2"
"352",14012481,2020-04-22 06:04:52,"MICP010406","YYU","IRM001B_CL","Manganese","MG_P_KG",0.4974421285,"T","MICP01-20-0298",0.4974421285,-0.356141060726157,"-2 to 2"
"353",14012481,2020-04-22 06:04:52,"MICP010406","YYU","IRM001B_CL","Calcium","PCT_M-M",0.6837085042,"T","MICP01-20-0298",0.6837085042,-0.96209173940199,"-2 to 2"
"354",14012481,2020-04-22 06:04:52,"MICP010406","YYU","IRM001B_CL","Magnesium","PCT_M-M",0.0654252375,"T","MICP01-20-0298",0.0654252375,-1.58036965313386,"-2 to 2"
"355",14012481,2020-04-22 06:04:52,"MICP010406","YYU","IRM001B_CL","Sodium","PCT_M-M",0.1760468204,"T","MICP01-20-0298",0.1760468204,-0.704982133991059,"-2 to 2"
"356",14012481,2020-04-22 06:04:52,"MICP010406","YYU","IRM001B_CL","Potassium","PCT_M-M",0.6599288442,"T","MICP01-20-0298",0.6599288442,-1.50559327802643,"-2 to 2"
"357",14012481,2020-04-22 06:04:52,"MICP010406","YYU","IRM001B_CL","Phosphorus","PCT_M-M",0.4734816903,"T","MICP01-20-0298",0.4734816903,0.345969031378789,"-2 to 2"
"358",14016051,2020-04-22 14:43:53,"MICP010406","APOWERS","IRM001B_CL","Iron","MG_P_KG",85.332092385,"T","MICP01-20-0299",85.332092385,-1.01830113658676,"-2 to 2"
"359",14016051,2020-04-22 14:43:53,"MICP010406","APOWERS","IRM001B_CL","Zinc","MG_P_KG",37.855541501,"T","MICP01-20-0299",37.855541501,0.202251767097995,"-2 to 2"
"360",14016051,2020-04-22 14:43:53,"MICP010406","APOWERS","IRM001B_CL","Copper","MG_P_KG",0.3275841614,"T","MICP01-20-0299",0.3275841614,1.62904755816518,"-2 to 2"
"361",14016051,2020-04-22 14:43:53,"MICP010406","APOWERS","IRM001B_CL","Manganese","MG_P_KG",0.5030681746,"T","MICP01-20-0299",0.5030681746,-0.0844019055881202,"-2 to 2"
"362",14016051,2020-04-22 14:43:53,"MICP010406","APOWERS","IRM001B_CL","Calcium","PCT_M-M",0.7021321192,"T","MICP01-20-0299",0.7021321192,0.231097780474194,"-2 to 2"
"363",14016051,2020-04-22 14:43:53,"MICP010406","APOWERS","IRM001B_CL","Magnesium","PCT_M-M",0.066830159,"T","MICP01-20-0299",0.066830159,-0.562637093664903,"-2 to 2"
"364",14016051,2020-04-22 14:43:53,"MICP010406","APOWERS","IRM001B_CL","Sodium","PCT_M-M",0.1807205388,"T","MICP01-20-0299",0.1807205388,0.240777226849997,"-2 to 2"
"365",14016051,2020-04-22 14:43:53,"MICP010406","APOWERS","IRM001B_CL","Potassium","PCT_M-M",0.6771019608,"T","MICP01-20-0299",0.6771019608,-0.449412165174106,"-2 to 2"
"366",14016051,2020-04-22 14:43:53,"MICP010406","APOWERS","IRM001B_CL","Phosphorus","PCT_M-M",0.4711571342,"T","MICP01-20-0299",0.4711571342,0.253541097574943,"-2 to 2"
"367",14016957,2020-04-22 16:31:30,"MICP010406","TCACOPARDO","IRM001B_CL","Iron","MG_P_KG",87.320866176,"T","MICP01-20-0301",87.320866176,-0.0344643266176327,"-2 to 2"
"368",14016957,2020-04-22 16:31:30,"MICP010406","TCACOPARDO","IRM001B_CL","Zinc","MG_P_KG",37.720986231,"T","MICP01-20-0301",37.720986231,0.0267857343959231,"-2 to 2"
"369",14016957,2020-04-22 16:31:30,"MICP010406","TCACOPARDO","IRM001B_CL","Copper","MG_P_KG",0.2068967402,"T","MICP01-20-0301",0.2068967402,-0.554001524934779,"-2 to 2"
"370",14016957,2020-04-22 16:31:30,"MICP010406","TCACOPARDO","IRM001B_CL","Calcium","PCT_M-M",0.6974385927,"T","MICP01-20-0301",0.6974385927,-0.0728744112515409,"-2 to 2"
"371",14016957,2020-04-22 16:31:30,"MICP010406","TCACOPARDO","IRM001B_CL","Magnesium","PCT_M-M",0.06655115598,"T","MICP01-20-0301",0.06655115598,-0.764748355855829,"-2 to 2"
"372",14016957,2020-04-22 16:31:30,"MICP010406","TCACOPARDO","IRM001B_CL","Sodium","PCT_M-M",0.178895393,"T","MICP01-20-0301",0.178895393,-0.128553695023628,"-2 to 2"
"373",14016957,2020-04-22 16:31:30,"MICP010406","TCACOPARDO","IRM001B_CL","Potassium","PCT_M-M",0.6707876931,"T","MICP01-20-0301",0.6707876931,-0.837752292453825,"-2 to 2"
"374",14016957,2020-04-22 16:31:30,"MICP010406","TCACOPARDO","IRM001B_CL","Phosphorus","PCT_M-M",0.4457967732,"T","MICP01-20-0301",0.4457967732,-0.754825948395527,"-2 to 2"
"375",14017622,2020-04-22 18:35:24,"MICP010406","APOWERS","IRM001B_CL","Iron","MG_P_KG",89.549158188,"T","MICP01-20-0300",89.549158188,1.06786099297714,"-2 to 2"
"376",14017622,2020-04-22 18:35:24,"MICP010406","APOWERS","IRM001B_CL","Zinc","MG_P_KG",37.764094165,"T","MICP01-20-0300",37.764094165,0.0830003899568958,"-2 to 2"
"377",14017622,2020-04-22 18:35:24,"MICP010406","APOWERS","IRM001B_CL","Copper","MG_P_KG",0.1882791114,"T","MICP01-20-0300",0.1882791114,-0.890765680446749,"-2 to 2"
"378",14017622,2020-04-22 18:35:24,"MICP010406","APOWERS","IRM001B_CL","Calcium","PCT_M-M",0.6993391772,"T","MICP01-20-0300",0.6993391772,0.0502153030656119,"-2 to 2"
"379",14017622,2020-04-22 18:35:24,"MICP010406","APOWERS","IRM001B_CL","Magnesium","PCT_M-M",0.06683215158,"T","MICP01-20-0300",0.06683215158,-0.561193658182319,"-2 to 2"
"380",14017622,2020-04-22 18:35:24,"MICP010406","APOWERS","IRM001B_CL","Sodium","PCT_M-M",0.1814287102,"T","MICP01-20-0300",0.1814287102,0.384080625409466,"-2 to 2"
"381",14017622,2020-04-22 18:35:24,"MICP010406","APOWERS","IRM001B_CL","Phosphorus","PCT_M-M",0.4357807345,"T","MICP01-20-0300",0.4357807345,-1.15307908667873,"-2 to 2"
"382",14018382,2020-04-23 05:55:02,"MICP010406","YYU","IRM001B_CL","Iron","MG_P_KG",85.911873802,"T","MICP01-20-0302",85.911873802,-0.731486063720252,"-2 to 2"
"383",14018382,2020-04-23 05:55:02,"MICP010406","YYU","IRM001B_CL","Zinc","MG_P_KG",37.205301183,"T","MICP01-20-0302",37.205301183,-0.645690412367682,"-2 to 2"
"384",14018382,2020-04-23 05:55:02,"MICP010406","YYU","IRM001B_CL","Copper","MG_P_KG",0.3240553195,"T","MICP01-20-0302",0.3240553195,1.56521625745793,"-2 to 2"
"385",14018382,2020-04-23 05:55:02,"MICP010406","YYU","IRM001B_CL","Manganese","MG_P_KG",0.50045779,"T","MICP01-20-0302",0.50045779,-0.210484005375631,"-2 to 2"
"386",14018382,2020-04-23 05:55:02,"MICP010406","YYU","IRM001B_CL","Calcium","PCT_M-M",0.7078217138,"T","MICP01-20-0302",0.7078217138,0.599579462764245,"-2 to 2"
"387",14018382,2020-04-23 05:55:02,"MICP010406","YYU","IRM001B_CL","Magnesium","PCT_M-M",0.06833820988,"T","MICP01-20-0302",0.06833820988,0.529802933704458,"-2 to 2"
"388",14018382,2020-04-23 05:55:02,"MICP010406","YYU","IRM001B_CL","Sodium","PCT_M-M",0.1805990777,"T","MICP01-20-0302",0.1805990777,0.216198730143167,"-2 to 2"
"389",14018382,2020-04-23 05:55:02,"MICP010406","YYU","IRM001B_CL","Potassium","PCT_M-M",0.6892394376,"T","MICP01-20-0302",0.6892394376,0.297067000631083,"-2 to 2"
"390",14018382,2020-04-23 05:55:02,"MICP010406","YYU","IRM001B_CL","Phosphorus","PCT_M-M",0.4251047771,"T","MICP01-20-0302",0.4251047771,-1.57757160972856,"-2 to 2"
"391",14018507,2020-04-23 07:00:51,"MICP010406","SLOUYEH","IRM001B_CL","Iron","MG_P_KG",84.701350925,"T","MICP01-20-0303",84.701350925,-1.33032589713514,"-2 to 2"
"392",14018507,2020-04-23 07:00:51,"MICP010406","SLOUYEH","IRM001B_CL","Zinc","MG_P_KG",37.271311887,"T","MICP01-20-0303",37.271311887,-0.559609530164028,"-2 to 2"
"393",14018507,2020-04-23 07:00:51,"MICP010406","SLOUYEH","IRM001B_CL","Copper","MG_P_KG",0.3646510574,"T","MICP01-20-0303",0.3646510574,2.29953046783035,"2 to 3"
"394",14018507,2020-04-23 07:00:51,"MICP010406","SLOUYEH","IRM001B_CL","Manganese","MG_P_KG",0.5141349363,"T","MICP01-20-0303",0.5141349363,0.450124904363189,"-2 to 2"
"395",14018507,2020-04-23 07:00:51,"MICP010406","SLOUYEH","IRM001B_CL","Calcium","PCT_M-M",0.7049536911,"T","MICP01-20-0303",0.7049536911,0.413834448639325,"-2 to 2"
"396",14018507,2020-04-23 07:00:51,"MICP010406","SLOUYEH","IRM001B_CL","Magnesium","PCT_M-M",0.06875364486,"T","MICP01-20-0303",0.06875364486,0.830746228748584,"-2 to 2"
"397",14018507,2020-04-23 07:00:51,"MICP010406","SLOUYEH","IRM001B_CL","Sodium","PCT_M-M",0.1827543408,"T","MICP01-20-0303",0.1827543408,0.652331179179958,"-2 to 2"
"398",14018507,2020-04-23 07:00:51,"MICP010406","SLOUYEH","IRM001B_CL","Potassium","PCT_M-M",0.6945236635,"T","MICP01-20-0303",0.6945236635,0.622057491385987,"-2 to 2"
"399",14018507,2020-04-23 07:00:51,"MICP010406","SLOUYEH","IRM001B_CL","Phosphorus","PCT_M-M",0.4491771554,"T","MICP01-20-0303",0.4491771554,-0.620416741315817,"-2 to 2"
"400",14019327,2020-04-23 09:34:37,"MICP010406","SLOUYEH","IRM001B_CL","Iron","MG_P_KG",85.052293891,"T","MICP01-20-0304",85.052293891,-1.15671610314397,"-2 to 2"
"401",14019327,2020-04-23 09:34:37,"MICP010406","SLOUYEH","IRM001B_CL","Zinc","MG_P_KG",37.453102944,"T","MICP01-20-0304",37.453102944,-0.322545938730517,"-2 to 2"
"402",14019327,2020-04-23 09:34:37,"MICP010406","SLOUYEH","IRM001B_CL","Calcium","PCT_M-M",0.7028138398,"T","MICP01-20-0304",0.7028138398,0.275248826585599,"-2 to 2"
"403",14019327,2020-04-23 09:34:37,"MICP010406","SLOUYEH","IRM001B_CL","Magnesium","PCT_M-M",0.06774599095,"T","MICP01-20-0304",0.06774599095,0.100796410994924,"-2 to 2"
"404",14019327,2020-04-23 09:34:37,"MICP010406","SLOUYEH","IRM001B_CL","Sodium","PCT_M-M",0.1785838759,"T","MICP01-20-0304",0.1785838759,-0.191591342603567,"-2 to 2"
"405",14019327,2020-04-23 09:34:37,"MICP010406","SLOUYEH","IRM001B_CL","Potassium","PCT_M-M",0.6818831818,"T","MICP01-20-0304",0.6818831818,-0.155357484582646,"-2 to 2"
"406",14019327,2020-04-23 09:34:37,"MICP010406","SLOUYEH","IRM001B_CL","Phosphorus","PCT_M-M",0.435189797,"T","MICP01-20-0304",0.435189797,-1.17657567259989,"-2 to 2"
"407",14019327,2020-04-23 09:34:37,"MICP010406","SLOUYEH","IRM001B_CL","Sulphur","PCT_M-M",0.19519965,"T","MICP01-20-0304",0.19519965,-1.37858540241744,"-2 to 2"
"408",14019888,2020-04-23 10:58:16,"MICP010406","YYU","IRM001B_CL","Potassium","PCT_M-M",0.6914172064,"T","MICP01-20-0306",0.6914172064,0.431004149507087,"-2 to 2"
"409",14019888,2020-04-23 10:58:16,"MICP010406","YYU","IRM001B_CL","Phosphorus","PCT_M-M",0.4541916105,"T","MICP01-20-0306",0.4541916105,-0.421034276833606,"-2 to 2"
"410",14022569,2020-04-23 16:25:23,"MICP010406","TCACOPARDO","IRM001B_CL","Iron","MG_P_KG",85.993636983,"T","MICP01-20-0310",85.993636983,-0.691038212118426,"-2 to 2"
"411",14022569,2020-04-23 16:25:23,"MICP010406","TCACOPARDO","IRM001B_CL","Calcium","PCT_M-M",0.6944282355,"T","MICP01-20-0310",0.6944282355,-0.26783759638778,"-2 to 2"
"412",14022569,2020-04-23 16:25:23,"MICP010406","TCACOPARDO","IRM001B_CL","Magnesium","PCT_M-M",0.06674650414,"T","MICP01-20-0310",0.06674650414,-0.623237116356435,"-2 to 2"
"413",14022569,2020-04-23 16:25:23,"MICP010406","TCACOPARDO","IRM001B_CL","Sodium","PCT_M-M",0.1770899413,"T","MICP01-20-0310",0.1770899413,-0.493899379055728,"-2 to 2"
"414",14022569,2020-04-23 16:25:23,"MICP010406","TCACOPARDO","IRM001B_CL","Potassium","PCT_M-M",0.6612988238,"T","MICP01-20-0310",0.6612988238,-1.42133678503126,"-2 to 2"
"415",14022569,2020-04-23 16:25:23,"MICP010406","TCACOPARDO","IRM001B_CL","Phosphorus","PCT_M-M",0.4473493216,"T","MICP01-20-0310",0.4473493216,-0.693094230781799,"-2 to 2"
"416",14023904,2020-04-24 05:39:50,"MICP010406","SLOUYEH","IRM001B_CL","Iron","MG_P_KG",82.881588352,"T","MICP01-20-0308",82.881588352,-2.23055367207042,"-2 to -3"
"417",14023904,2020-04-24 05:39:50,"MICP010406","SLOUYEH","IRM001B_CL","Zinc","MG_P_KG",38.412010075,"T","MICP01-20-0308",38.412010075,0.927911438422345,"-2 to 2"
"418",14023904,2020-04-24 05:39:50,"MICP010406","SLOUYEH","IRM001B_CL","Copper","MG_P_KG",0.2565059762,"T","MICP01-20-0308",0.2565059762,0.343352947356237,"-2 to 2"
"419",14023904,2020-04-24 05:39:50,"MICP010406","SLOUYEH","IRM001B_CL","Manganese","MG_P_KG",0.4952404511,"T","MICP01-20-0308",0.4952404511,-0.462482520772587,"-2 to 2"
"420",14023904,2020-04-24 05:39:50,"MICP010406","SLOUYEH","IRM001B_CL","Calcium","PCT_M-M",0.6971947211,"T","MICP01-20-0308",0.6971947211,-0.0886685448846727,"-2 to 2"
"421",14023904,2020-04-24 05:39:50,"MICP010406","SLOUYEH","IRM001B_CL","Magnesium","PCT_M-M",0.06784932826,"T","MICP01-20-0308",0.06784932826,0.175654504486218,"-2 to 2"
"422",14023904,2020-04-24 05:39:50,"MICP010406","SLOUYEH","IRM001B_CL","Sodium","PCT_M-M",0.1816289066,"T","MICP01-20-0308",0.1816289066,0.424591756612123,"-2 to 2"
"423",14023904,2020-04-24 05:39:50,"MICP010406","SLOUYEH","IRM001B_CL","Potassium","PCT_M-M",0.6916225759,"T","MICP01-20-0308",0.6916225759,0.443634785640767,"-2 to 2"
"424",14023904,2020-04-24 05:39:50,"MICP010406","SLOUYEH","IRM001B_CL","Phosphorus","PCT_M-M",0.4613936779,"T","MICP01-20-0308",0.4613936779,-0.134668975132332,"-2 to 2"
"425",14023939,2020-04-24 06:02:01,"MICP010406","YYU","IRM001B_CL","Iron","MG_P_KG",85.928755456,"T","MICP01-20-0307",85.928755456,-0.723134790843705,"-2 to 2"
"426",14023939,2020-04-24 06:02:01,"MICP010406","YYU","IRM001B_CL","Zinc","MG_P_KG",38.308635346,"T","MICP01-20-0307",38.308635346,0.793106212441371,"-2 to 2"
"427",14023939,2020-04-24 06:02:01,"MICP010406","YYU","IRM001B_CL","Calcium","PCT_M-M",0.7137566285,"T","MICP01-20-0307",0.7137566285,0.983949089539395,"-2 to 2"
"428",14023939,2020-04-24 06:02:01,"MICP010406","YYU","IRM001B_CL","Magnesium","PCT_M-M",0.06879742385,"T","MICP01-20-0307",0.06879742385,0.862459960472142,"-2 to 2"
"429",14023939,2020-04-24 06:02:01,"MICP010406","YYU","IRM001B_CL","Sodium","PCT_M-M",0.1810977435,"T","MICP01-20-0307",0.1810977435,0.317107216260192,"-2 to 2"
"430",14023939,2020-04-24 06:02:01,"MICP010406","YYU","IRM001B_CL","Potassium","PCT_M-M",0.6919218386,"T","MICP01-20-0307",0.6919218386,0.462040041884192,"-2 to 2"
"431",14023939,2020-04-24 06:02:01,"MICP010406","YYU","IRM001B_CL","Phosphorus","PCT_M-M",0.437404568,"T","MICP01-20-0307",0.437404568,-1.0885129636041,"-2 to 2"
"432",14024994,2020-04-24 09:37:20,"MICP010406","YYU","IRM001B_CL","Iron","MG_P_KG",84.106617452,"T","MICP01-20-0309",84.106617452,-1.62453768004685,"-2 to 2"
"433",14024994,2020-04-24 09:37:20,"MICP010406","YYU","IRM001B_CL","Zinc","MG_P_KG",35.650227391,"T","MICP01-20-0309",35.650227391,-2.67357552486611,"-2 to -3"
"434",14024994,2020-04-24 09:37:20,"MICP010406","YYU","IRM001B_CL","Copper","MG_P_KG",0.1348112724,"T","MICP01-20-0309",0.1348112724,-1.85791632252449,"-2 to 2"
"435",14024994,2020-04-24 09:37:20,"MICP010406","YYU","IRM001B_CL","Calcium","PCT_M-M",0.6791570681,"T","MICP01-20-0309",0.6791570681,-1.25686156904216,"-2 to 2"
"436",14024994,2020-04-24 09:37:20,"MICP010406","YYU","IRM001B_CL","Magnesium","PCT_M-M",0.06541278148,"T","MICP01-20-0309",0.06541278148,-1.58939285985067,"-2 to 2"
"437",14024994,2020-04-24 09:37:20,"MICP010406","YYU","IRM001B_CL","Sodium","PCT_M-M",0.1741297032,"T","MICP01-20-0309",0.1741297032,-1.09292410707386,"-2 to 2"
"438",14024994,2020-04-24 09:37:20,"MICP010406","YYU","IRM001B_CL","Potassium","PCT_M-M",0.6605830594,"T","MICP01-20-0309",0.6605830594,-1.46535773114958,"-2 to 2"
"439",14024994,2020-04-24 09:37:20,"MICP010406","YYU","IRM001B_CL","Phosphorus","PCT_M-M",0.5012110468,"T","MICP01-20-0309",0.5012110468,1.44853099019976,"-2 to 2"
"440",14031824,2020-04-27 05:45:06,"MICP010406","YYU","IRM001B_CL","Iron","MG_P_KG",86.81185799,"T","MICP01-20-0311",86.81185799,-0.286268223183773,"-2 to 2"
"441",14031824,2020-04-27 05:45:06,"MICP010406","YYU","IRM001B_CL","Zinc","MG_P_KG",37.090744771,"T","MICP01-20-0311",37.090744771,-0.795077048314568,"-2 to 2"
"442",14031824,2020-04-27 05:45:06,"MICP010406","YYU","IRM001B_CL","Copper","MG_P_KG",0.1998918352,"T","MICP01-20-0311",0.1998918352,-0.680709439358692,"-2 to 2"
"443",14031824,2020-04-27 05:45:06,"MICP010406","YYU","IRM001B_CL","Manganese","MG_P_KG",0.4807641271,"T","MICP01-20-0311",0.4807641271,-1.16169187372554,"-2 to 2"
"444",14031824,2020-04-27 05:45:06,"MICP010406","YYU","IRM001B_CL","Calcium","PCT_M-M",0.6952932235,"T","MICP01-20-0311",0.6952932235,-0.211817395335018,"-2 to 2"
"445",14031824,2020-04-27 05:45:06,"MICP010406","YYU","IRM001B_CL","Magnesium","PCT_M-M",0.06754721355,"T","MICP01-20-0311",0.06754721355,-0.0431989880836626,"-2 to 2"
"446",14031824,2020-04-27 05:45:06,"MICP010406","YYU","IRM001B_CL","Sodium","PCT_M-M",0.180589971,"T","MICP01-20-0311",0.180589971,0.214355926184036,"-2 to 2"
"447",14031824,2020-04-27 05:45:06,"MICP010406","YYU","IRM001B_CL","Potassium","PCT_M-M",0.6701263969,"T","MICP01-20-0311",0.6701263969,-0.878423335032143,"-2 to 2"
"448",14031824,2020-04-27 05:45:06,"MICP010406","YYU","IRM001B_CL","Phosphorus","PCT_M-M",0.4739099827,"T","MICP01-20-0311",0.4739099827,0.362998597409006,"-2 to 2"
"449",14031843,2020-04-27 05:54:51,"MICP010406","SLOUYEH","IRM001B_CL","Iron","MG_P_KG",87.208654665,"T","MICP01-20-0312",87.208654665,-0.0899748203317234,"-2 to 2"
"450",14031843,2020-04-27 05:54:51,"MICP010406","SLOUYEH","IRM001B_CL","Zinc","MG_P_KG",37.164196431,"T","MICP01-20-0312",37.164196431,-0.699292829862314,"-2 to 2"
"451",14031843,2020-04-27 05:54:51,"MICP010406","SLOUYEH","IRM001B_CL","Copper","MG_P_KG",0.2310181513,"T","MICP01-20-0312",0.2310181513,-0.117682446597125,"-2 to 2"
"452",14031843,2020-04-27 05:54:51,"MICP010406","SLOUYEH","IRM001B_CL","Manganese","MG_P_KG",0.4770448028,"T","MICP01-20-0312",0.4770448028,-1.34133598346122,"-2 to 2"
"453",14031843,2020-04-27 05:54:51,"MICP010406","SLOUYEH","IRM001B_CL","Calcium","PCT_M-M",0.7217761516,"T","MICP01-20-0312",0.7217761516,1.50332657964245,"-2 to 2"
"454",14031843,2020-04-27 05:54:51,"MICP010406","SLOUYEH","IRM001B_CL","Magnesium","PCT_M-M",0.069201182,"T","MICP01-20-0312",0.069201182,1.15494449815339,"-2 to 2"
"455",14031843,2020-04-27 05:54:51,"MICP010406","SLOUYEH","IRM001B_CL","Sodium","PCT_M-M",0.1832049495,"T","MICP01-20-0312",0.1832049495,0.74351497752378,"-2 to 2"
"456",14031843,2020-04-27 05:54:51,"MICP010406","SLOUYEH","IRM001B_CL","Potassium","PCT_M-M",0.6874758054,"T","MICP01-20-0312",0.6874758054,0.188600083236592,"-2 to 2"
"457",14031843,2020-04-27 05:54:51,"MICP010406","SLOUYEH","IRM001B_CL","Phosphorus","PCT_M-M",0.4502386914,"T","MICP01-20-0312",0.4502386914,-0.578208433614232,"-2 to 2"
"458",14031901,2020-04-27 06:38:00,"MICP010406","SLOUYEH","IRM001B_CL","Iron","MG_P_KG",87.774243679,"T","MICP01-20-0313",87.774243679,0.189819339167707,"-2 to 2"
"459",14031901,2020-04-27 06:38:00,"MICP010406","SLOUYEH","IRM001B_CL","Zinc","MG_P_KG",37.74322562,"T","MICP01-20-0313",37.74322562,0.055786882827701,"-2 to 2"
"460",14031901,2020-04-27 06:38:00,"MICP010406","SLOUYEH","IRM001B_CL","Copper","MG_P_KG",0.330555484,"T","MICP01-20-0313",0.330555484,1.68279419566086,"-2 to 2"
"461",14031901,2020-04-27 06:38:00,"MICP010406","SLOUYEH","IRM001B_CL","Calcium","PCT_M-M",0.7048606624,"T","MICP01-20-0313",0.7048606624,0.407809525197989,"-2 to 2"
"462",14031901,2020-04-27 06:38:00,"MICP010406","SLOUYEH","IRM001B_CL","Magnesium","PCT_M-M",0.06913685725,"T","MICP01-20-0313",0.06913685725,1.10834730930356,"-2 to 2"
"463",14031901,2020-04-27 06:38:00,"MICP010406","SLOUYEH","IRM001B_CL","Sodium","PCT_M-M",0.1840438595,"T","MICP01-20-0313",0.1840438595,0.913274239314813,"-2 to 2"
"464",14031901,2020-04-27 06:38:00,"MICP010406","SLOUYEH","IRM001B_CL","Potassium","PCT_M-M",0.6888108597,"T","MICP01-20-0313",0.6888108597,0.270708600236489,"-2 to 2"
"465",14031901,2020-04-27 06:38:00,"MICP010406","SLOUYEH","IRM001B_CL","Phosphorus","PCT_M-M",0.4205942,"T","MICP01-20-0313",0.4205942,-1.75691910821051,"-2 to 2"
"466",14035973,2020-04-28 05:39:02,"MICP010406","YYU","IRM001B_CL","Iron","MG_P_KG",90.849724886,"T","MICP01-20-0316",90.849724886,1.71124507069521,"-2 to 2"
"467",14035973,2020-04-28 05:39:02,"MICP010406","YYU","IRM001B_CL","Zinc","MG_P_KG",37.954504133,"T","MICP01-20-0316",37.954504133,0.331303423140865,"-2 to 2"
"468",14035973,2020-04-28 05:39:02,"MICP010406","YYU","IRM001B_CL","Copper","MG_P_KG",0.1746178802,"T","MICP01-20-0316",0.1746178802,-1.13787625708054,"-2 to 2"
"469",14035973,2020-04-28 05:39:02,"MICP010406","YYU","IRM001B_CL","Manganese","MG_P_KG",0.5248729221,"T","MICP01-20-0316",0.5248729221,0.968771772396545,"-2 to 2"
"470",14035973,2020-04-28 05:39:02,"MICP010406","YYU","IRM001B_CL","Calcium","PCT_M-M",0.7225449808,"T","MICP01-20-0316",0.7225449808,1.55311913902967,"-2 to 2"
"471",14035973,2020-04-28 05:39:02,"MICP010406","YYU","IRM001B_CL","Magnesium","PCT_M-M",0.07075055638,"T","MICP01-20-0316",0.07075055638,2.2773194873133,"2 to 3"
"472",14035973,2020-04-28 05:39:02,"MICP010406","YYU","IRM001B_CL","Sodium","PCT_M-M",0.1878256587,"T","MICP01-20-0316",0.1878256587,1.67854755878165,"-2 to 2"
"473",14035973,2020-04-28 05:39:02,"MICP010406","YYU","IRM001B_CL","Potassium","PCT_M-M",0.7036177664,"T","MICP01-20-0316",0.7036177664,1.18136305863028,"-2 to 2"
"474",14035973,2020-04-28 05:39:02,"MICP010406","YYU","IRM001B_CL","Phosphorus","PCT_M-M",0.4628931742,"T","MICP01-20-0316",0.4628931742,-0.075046690793611,"-2 to 2"
"475",14036563,2020-04-28 08:39:54,"MICP010406","TCACOPARDO","IRM001B_CL","Iron","MG_P_KG",87.599761186,"T","MICP01-20-0319",87.599761186,0.103503690758913,"-2 to 2"
"476",14036563,2020-04-28 08:39:54,"MICP010406","TCACOPARDO","IRM001B_CL","Zinc","MG_P_KG",37.701663842,"T","MICP01-20-0319",37.701663842,0.00158848318342592,"-2 to 2"
"477",14036563,2020-04-28 08:39:54,"MICP010406","TCACOPARDO","IRM001B_CL","Copper","MG_P_KG",0.2527089372,"T","MICP01-20-0319",0.2527089372,0.274670375261931,"-2 to 2"
"478",14036563,2020-04-28 08:39:54,"MICP010406","TCACOPARDO","IRM001B_CL","Manganese","MG_P_KG",0.5437727449,"T","MICP01-20-0319",0.5437727449,1.88163700468297,"-2 to 2"
"479",14036563,2020-04-28 08:39:54,"MICP010406","TCACOPARDO","IRM001B_CL","Calcium","PCT_M-M",0.7083598136,"T","MICP01-20-0319",0.7083598136,0.634429031755316,"-2 to 2"
"480",14036563,2020-04-28 08:39:54,"MICP010406","TCACOPARDO","IRM001B_CL","Magnesium","PCT_M-M",0.06766382571,"T","MICP01-20-0319",0.06766382571,0.041275476903886,"-2 to 2"
"481",14036563,2020-04-28 08:39:54,"MICP010406","TCACOPARDO","IRM001B_CL","Sodium","PCT_M-M",0.1801937404,"T","MICP01-20-0319",0.1801937404,0.134175913840618,"-2 to 2"
"482",14036563,2020-04-28 08:39:54,"MICP010406","TCACOPARDO","IRM001B_CL","Potassium","PCT_M-M",0.6783894947,"T","MICP01-20-0319",0.6783894947,-0.370226248079877,"-2 to 2"
"483",14037399,2020-04-28 11:04:13,"MICP010406","YYU","IRM001B_CL","Calcium","PCT_M-M",0.6731643491,"T","MICP01-20-0317",0.6731643491,-1.64497484140282,"-2 to 2"
"484",14037399,2020-04-28 11:04:13,"MICP010406","YYU","IRM001B_CL","Phosphorus","PCT_M-M",0.4802504253,"T","MICP01-20-0317",0.4802504253,0.615104368880765,"-2 to 2"
"485",14040155,2020-04-28 18:13:04,"MICP010406","APOWERS","IRM001B_CL","Iron","MG_P_KG",87.164886004,"T","MICP01-20-0318",87.164886004,-0.111626965995414,"-2 to 2"
"486",14040155,2020-04-28 18:13:04,"MICP010406","APOWERS","IRM001B_CL","Zinc","MG_P_KG",36.893783595,"T","MICP01-20-0318",36.893783595,-1.05192314694046,"-2 to 2"
"487",14040155,2020-04-28 18:13:04,"MICP010406","APOWERS","IRM001B_CL","Copper","MG_P_KG",0.197548674,"T","MICP01-20-0318",0.197548674,-0.723093607139844,"-2 to 2"
"488",14040155,2020-04-28 18:13:04,"MICP010406","APOWERS","IRM001B_CL","Manganese","MG_P_KG",0.5094941365,"T","MICP01-20-0318",0.5094941365,0.225973343142107,"-2 to 2"
"489",14040155,2020-04-28 18:13:04,"MICP010406","APOWERS","IRM001B_CL","Calcium","PCT_M-M",0.6744708954,"T","MICP01-20-0318",0.6744708954,-1.56035749825962,"-2 to 2"
"490",14040155,2020-04-28 18:13:04,"MICP010406","APOWERS","IRM001B_CL","Magnesium","PCT_M-M",0.06616524159,"T","MICP01-20-0318",0.06616524159,-1.04430677949059,"-2 to 2"
"491",14040155,2020-04-28 18:13:04,"MICP010406","APOWERS","IRM001B_CL","Sodium","PCT_M-M",0.1769381861,"T","MICP01-20-0318",0.1769381861,-0.524608097183953,"-2 to 2"
"492",14040155,2020-04-28 18:13:04,"MICP010406","APOWERS","IRM001B_CL","Potassium","PCT_M-M",0.6689719905,"T","MICP01-20-0318",0.6689719905,-0.949421643879345,"-2 to 2"
"493",14040155,2020-04-28 18:13:04,"MICP010406","APOWERS","IRM001B_CL","Phosphorus","PCT_M-M",0.4910202301,"T","MICP01-20-0318",0.4910202301,1.04332840921894,"-2 to 2"
"494",14040783,2020-04-29 05:48:32,"MICP010406","YYU","IRM001B_CL","Sodium","PCT_M-M",0.1758844068,"T","MICP01-20-0320",0.1758844068,-0.737847653344533,"-2 to 2"
"495",14040783,2020-04-29 05:48:32,"MICP010406","YYU","IRM001B_CL","Potassium","PCT_M-M",0.6625923223,"T","MICP01-20-0320",0.6625923223,-1.34178403307459,"-2 to 2"
"496",14040919,2020-04-29 06:41:48,"MICP010406","SLOUYEH","IRM001B_CL","Iron","MG_P_KG",90.118117193,"T","MICP01-20-0321",90.118117193,1.34932227078337,"-2 to 2"
"497",14040919,2020-04-29 06:41:48,"MICP010406","SLOUYEH","IRM001B_CL","Zinc","MG_P_KG",37.293529674,"T","MICP01-20-0321",37.293529674,-0.530636551697196,"-2 to 2"
"498",14040919,2020-04-29 06:41:48,"MICP010406","SLOUYEH","IRM001B_CL","Copper","MG_P_KG",0.3462109867,"T","MICP01-20-0321",0.3462109867,1.96597806416085,"-2 to 2"
"499",14040919,2020-04-29 06:41:48,"MICP010406","SLOUYEH","IRM001B_CL","Manganese","MG_P_KG",0.5073587426,"T","MICP01-20-0321",0.5073587426,0.122833389441247,"-2 to 2"
"500",14040919,2020-04-29 06:41:48,"MICP010406","SLOUYEH","IRM001B_CL","Calcium","PCT_M-M",0.691052846,"T","MICP01-20-0321",0.691052846,-0.486441783291383,"-2 to 2"
"501",14040919,2020-04-29 06:41:48,"MICP010406","SLOUYEH","IRM001B_CL","Sodium","PCT_M-M",0.1807711595,"T","MICP01-20-0321",0.1807711595,0.251020676878422,"-2 to 2"
"502",14040919,2020-04-29 06:41:48,"MICP010406","SLOUYEH","IRM001B_CL","Potassium","PCT_M-M",0.6846092372,"T","MICP01-20-0321",0.6846092372,0.0123003898225815,"-2 to 2"
"503",14040919,2020-04-29 06:41:48,"MICP010406","SLOUYEH","IRM001B_CL","Phosphorus","PCT_M-M",0.4900042007,"T","MICP01-20-0321",0.4900042007,1.00292951408108,"-2 to 2"
"504",14045587,2020-04-29 19:49:29,"MICP010406","TCACOPARDO","IRM001B_CL","Iron","MG_P_KG",87.514941672,"T","MICP01-20-0322",87.514941672,0.0615438859512882,"-2 to 2"
"505",14045587,2020-04-29 19:49:29,"MICP010406","TCACOPARDO","IRM001B_CL","Zinc","MG_P_KG",37.020733256,"T","MICP01-20-0322",37.020733256,-0.886375165292901,"-2 to 2"
"506",14045587,2020-04-29 19:49:29,"MICP010406","TCACOPARDO","IRM001B_CL","Copper","MG_P_KG",0.1995029484,"T","MICP01-20-0322",0.1995029484,-0.687743801048821,"-2 to 2"
"507",14045587,2020-04-29 19:49:29,"MICP010406","TCACOPARDO","IRM001B_CL","Manganese","MG_P_KG",0.5049862608,"T","MICP01-20-0322",0.5049862608,0.00824204261378521,"-2 to 2"
"508",14045587,2020-04-29 19:49:29,"MICP010406","TCACOPARDO","IRM001B_CL","Calcium","PCT_M-M",0.6765656927,"T","MICP01-20-0322",0.6765656927,-1.42468975961958,"-2 to 2"
"509",14045587,2020-04-29 19:49:29,"MICP010406","TCACOPARDO","IRM001B_CL","Sodium","PCT_M-M",0.1783265356,"T","MICP01-20-0322",0.1783265356,-0.24366593863542,"-2 to 2"
"510",14045587,2020-04-29 19:49:29,"MICP010406","TCACOPARDO","IRM001B_CL","Phosphorus","PCT_M-M",0.4859931013,"T","MICP01-20-0322",0.4859931013,0.84344201888841,"-2 to 2"
"511",14045920,2020-04-30 05:48:40,"MICP010406","YYU","IRM001B_CL","Iron","MG_P_KG",87.594705071,"T","MICP01-20-0323",87.594705071,0.101002455035204,"-2 to 2"
"512",14045920,2020-04-30 05:48:40,"MICP010406","YYU","IRM001B_CL","Zinc","MG_P_KG",37.46864129,"T","MICP01-20-0323",37.46864129,-0.302283247218159,"-2 to 2"
"513",14045920,2020-04-30 05:48:40,"MICP010406","YYU","IRM001B_CL","Manganese","MG_P_KG",0.5585053517,"T","MICP01-20-0323",0.5585053517,2.59322486828276,"2 to 3"
"514",14045920,2020-04-30 05:48:40,"MICP010406","YYU","IRM001B_CL","Calcium","PCT_M-M",0.7061015359,"T","MICP01-20-0323",0.7061015359,0.488173626146261,"-2 to 2"
"515",14045920,2020-04-30 05:48:40,"MICP010406","YYU","IRM001B_CL","Magnesium","PCT_M-M",0.06788849579,"T","MICP01-20-0323",0.06788849579,0.204027670214684,"-2 to 2"
"516",14045920,2020-04-30 05:48:40,"MICP010406","YYU","IRM001B_CL","Sodium","PCT_M-M",0.1801028214,"T","MICP01-20-0323",0.1801028214,0.115777823076677,"-2 to 2"
"517",14045920,2020-04-30 05:48:40,"MICP010406","YYU","IRM001B_CL","Potassium","PCT_M-M",0.6704705522,"T","MICP01-20-0323",0.6704705522,-0.857257093853299,"-2 to 2"
"518",14045920,2020-04-30 05:48:40,"MICP010406","YYU","IRM001B_CL","Phosphorus","PCT_M-M",0.4463095495,"T","MICP01-20-0323",0.4463095495,-0.734437172270665,"-2 to 2"
"519",14046069,2020-04-30 07:05:52,"MICP010406","SLOUYEH","IRM001B_CL","Iron","MG_P_KG",83.368607723,"T","MICP01-20-0324",83.368607723,-1.98962753631474,"-2 to 2"
"520",14046069,2020-04-30 07:05:52,"MICP010406","SLOUYEH","IRM001B_CL","Zinc","MG_P_KG",37.899949976,"T","MICP01-20-0324",37.899949976,0.260162385735227,"-2 to 2"
"521",14046069,2020-04-30 07:05:52,"MICP010406","SLOUYEH","IRM001B_CL","Copper","MG_P_KG",0.2288607325,"T","MICP01-20-0324",0.2288607325,-0.156706821187065,"-2 to 2"
"522",14046069,2020-04-30 07:05:52,"MICP010406","SLOUYEH","IRM001B_CL","Manganese","MG_P_KG",0.5524685141,"T","MICP01-20-0324",0.5524685141,2.30164440129555,"2 to 3"
"523",14046069,2020-04-30 07:05:52,"MICP010406","SLOUYEH","IRM001B_CL","Calcium","PCT_M-M",0.6763571945,"T","MICP01-20-0324",0.6763571945,-1.43819296554051,"-2 to 2"
"524",14046069,2020-04-30 07:05:52,"MICP010406","SLOUYEH","IRM001B_CL","Magnesium","PCT_M-M",0.06642623675,"T","MICP01-20-0324",0.06642623675,-0.855240506253401,"-2 to 2"
"525",14046069,2020-04-30 07:05:52,"MICP010406","SLOUYEH","IRM001B_CL","Sodium","PCT_M-M",0.1780470977,"T","MICP01-20-0324",0.1780470977,-0.300212137417696,"-2 to 2"
"526",14046069,2020-04-30 07:05:52,"MICP010406","SLOUYEH","IRM001B_CL","Potassium","PCT_M-M",0.6629266356,"T","MICP01-20-0324",0.6629266356,-1.32122309463461,"-2 to 2"
"527",14046069,2020-04-30 07:05:52,"MICP010406","SLOUYEH","IRM001B_CL","Phosphorus","PCT_M-M",0.485487715,"T","MICP01-20-0324",0.485487715,0.82334708055512,"-2 to 2"
"528",14046143,2020-04-30 07:21:31,"MICP010406","YYU","IRM001B_CL","Iron","MG_P_KG",87.754868769,"T","MICP01-20-0325",87.754868769,0.180234664563638,"-2 to 2"
"529",14046143,2020-04-30 07:21:31,"MICP010406","YYU","IRM001B_CL","Zinc","MG_P_KG",37.069507537,"T","MICP01-20-0325",37.069507537,-0.822771342232191,"-2 to 2"
"530",14046143,2020-04-30 07:21:31,"MICP010406","YYU","IRM001B_CL","Copper","MG_P_KG",0.1198385016,"T","MICP01-20-0325",0.1198385016,-2.12875062523313,"-2 to -3"
"531",14046143,2020-04-30 07:21:31,"MICP010406","YYU","IRM001B_CL","Calcium","PCT_M-M",0.6989715252,"T","MICP01-20-0325",0.6989715252,0.0264046386894016,"-2 to 2"
"532",14046143,2020-04-30 07:21:31,"MICP010406","YYU","IRM001B_CL","Magnesium","PCT_M-M",0.06737571732,"T","MICP01-20-0325",0.06737571732,-0.167431763436004,"-2 to 2"
"533",14046143,2020-04-30 07:21:31,"MICP010406","YYU","IRM001B_CL","Sodium","PCT_M-M",0.1769713606,"T","MICP01-20-0325",0.1769713606,-0.517895006828273,"-2 to 2"
"534",14046143,2020-04-30 07:21:31,"MICP010406","YYU","IRM001B_CL","Potassium","PCT_M-M",0.6648938516,"T","MICP01-20-0325",0.6648938516,-1.20023536523778,"-2 to 2"
"535",14046143,2020-04-30 07:21:31,"MICP010406","YYU","IRM001B_CL","Phosphorus","PCT_M-M",0.4608216809,"T","MICP01-20-0325",0.4608216809,-0.157412457577003,"-2 to 2"
"536",14049602,2020-04-30 15:50:03,"MICP010406","KWORKMAN","IRM001B_CL","Iron","MG_P_KG",88.231969088,"T","MICP01-20-0326",88.231969088,0.416253893097516,"-2 to 2"
"537",14049602,2020-04-30 15:50:03,"MICP010406","KWORKMAN","IRM001B_CL","Zinc","MG_P_KG",37.312368955,"T","MICP01-20-0326",37.312368955,-0.506069294717746,"-2 to 2"
"538",14049602,2020-04-30 15:50:03,"MICP010406","KWORKMAN","IRM001B_CL","Copper","MG_P_KG",0.21482164,"T","MICP01-20-0326",0.21482164,-0.410652325241638,"-2 to 2"
"539",14049602,2020-04-30 15:50:03,"MICP010406","KWORKMAN","IRM001B_CL","Manganese","MG_P_KG",0.5214987776,"T","MICP01-20-0326",0.5214987776,0.80579991623922,"-2 to 2"
"540",14049602,2020-04-30 15:50:03,"MICP010406","KWORKMAN","IRM001B_CL","Calcium","PCT_M-M",0.6939826806,"T","MICP01-20-0326",0.6939826806,-0.296693574826835,"-2 to 2"
"541",14049602,2020-04-30 15:50:03,"MICP010406","KWORKMAN","IRM001B_CL","Magnesium","PCT_M-M",0.06692092298,"T","MICP01-20-0326",0.06692092298,-0.496887186874386,"-2 to 2"
"542",14049602,2020-04-30 15:50:03,"MICP010406","KWORKMAN","IRM001B_CL","Sodium","PCT_M-M",0.1772801116,"T","MICP01-20-0326",0.1772801116,-0.455417098784207,"-2 to 2"
"543",14049602,2020-04-30 15:50:03,"MICP010406","KWORKMAN","IRM001B_CL","Potassium","PCT_M-M",0.6629773073,"T","MICP01-20-0326",0.6629773073,-1.31810668345877,"-2 to 2"
"544",14049602,2020-04-30 15:50:03,"MICP010406","KWORKMAN","IRM001B_CL","Phosphorus","PCT_M-M",0.4518504302,"T","MICP01-20-0326",0.4518504302,-0.514123214455405,"-2 to 2"
"545",14050840,2020-05-01 05:50:24,"MICP010406","YYU","IRM001B_CL","Iron","MG_P_KG",88.676408732,"T","MICP01-20-0327",88.676408732,0.636116043109515,"-2 to 2"
"546",14050840,2020-05-01 05:50:24,"MICP010406","YYU","IRM001B_CL","Zinc","MG_P_KG",37.482738387,"T","MICP01-20-0327",37.482738387,-0.283900008247246,"-2 to 2"
"547",14050840,2020-05-01 05:50:24,"MICP010406","YYU","IRM001B_CL","Copper","MG_P_KG",0.2361669142,"T","MICP01-20-0327",0.2361669142,-0.0245492764938597,"-2 to 2"
"548",14050840,2020-05-01 05:50:24,"MICP010406","YYU","IRM001B_CL","Manganese","MG_P_KG",0.4974597284,"T","MICP01-20-0327",0.4974597284,-0.355290982025857,"-2 to 2"
"549",14050840,2020-05-01 05:50:24,"MICP010406","YYU","IRM001B_CL","Calcium","PCT_M-M",0.6987431279,"T","MICP01-20-0327",0.6987431279,0.0116126847363888,"-2 to 2"
"550",14050840,2020-05-01 05:50:24,"MICP010406","YYU","IRM001B_CL","Magnesium","PCT_M-M",0.06718810773,"T","MICP01-20-0327",0.06718810773,-0.303337141929833,"-2 to 2"
"551",14050840,2020-05-01 05:50:24,"MICP010406","YYU","IRM001B_CL","Sodium","PCT_M-M",0.1790287916,"T","MICP01-20-0327",0.1790287916,-0.101559562327686,"-2 to 2"
"552",14050840,2020-05-01 05:50:24,"MICP010406","YYU","IRM001B_CL","Potassium","PCT_M-M",0.6660648863,"T","MICP01-20-0327",0.6660648863,-1.12821438259129,"-2 to 2"
"553",14050840,2020-05-01 05:50:24,"MICP010406","YYU","IRM001B_CL","Phosphorus","PCT_M-M",0.4791452758,"T","MICP01-20-0327",0.4791452758,0.571161921189632,"-2 to 2"
